CustomerID,CustomerName
1001,Evan Turner
1002,Morgan Morales
1003,Michael Harris
1004,Taylor Thomas
1005,Jacob Stone
1006,Marcus White
1007,William Hill
1008,Darrell Grant
1009,Karen Nguyen
1010,Philip Mullins
1011,Shannon Kelley
1012,Sheena Johnson
1013,Travis Conrad
1014,Mark Hill
1015,Tracy Roberts
1016,Kelly Hicks
1017,Mark Pacheco
1018,Robert Wright
1019,Robert Hubbard
1020,Tara Holt
1021,Joy Brown
1022,Nicole Larsen
1023,Johnathan Thomas
1024,Nancy Bell
1025,Maurice Hines
1026,Seth Norman
1027,Cynthia Lowery
1028,Zachary Coleman
1029,Amber Webb
1030,Joseph Hernandez
1031,Erika Valentine
1032,Logan Allen
1033,Jill Roach
1034,Kenneth Riddle
1035,Nicholas Sanchez
1036,Timothy Powell
1037,Regina Hayes
1038,Mario Brown
1039,Mary Andrews
1040,Austin Ortiz
1041,Bridget Hancock
1042,Shannon Summers
1043,Alicia Maxwell
1044,Aaron Jordan
1045,John Griffin
1046,Colleen Guzman
1047,Howard Solomon
1048,Carl Green
1049,Anthony Banks
1050,Stephanie Hamilton
1051,Debbie Decker
1052,Kaylee Smith
1053,Nicole Evans
1054,Frank Singh
1055,Rebecca Lee
1056,Jessica Warren
1057,Michael Stewart
1058,Diana Ellis
1059,Anthony Edwards
1060,Michaela Morales
1061,Tamara Banks
1062,Troy Meza
1063,Savannah Miller
1064,Brian Marshall
1065,Stacy Saunders
1066,Thomas Erickson
1067,Ryan Jones
1068,Paul Jordan
1069,Eric Little
1070,Jennifer Ball
1071,Miranda Miller
1072,Joshua Ramsey
1073,Tara Higgins
1074,William Salas
1075,Amanda Mcbride
1076,Robin Bennett
1077,Felicia Nelson
1078,Mary Velasquez
1079,Edwin Nunez
1080,Thomas Parker
1081,Lauren Ortiz
1082,Kelly Lewis
1083,Morgan Chen
1084,Michelle Montgomery
1085,Daryl Vargas
1086,Brandy Thompson
1087,Ebony Palmer
1088,Alexander Bowen
1089,Sandra French
1090,Erika Bell
1091,Rachel Huff
1092,Terri Newman
1093,Jeff Holmes
1094,Maxwell Brady
1095,Leslie Dominguez
1096,Stephen Acevedo
1097,Michael Ford
1098,Tina Cooke
1099,Michaela Jones
1100,Calvin Erickson
1101,Zachary Johnson
1102,Blake Pierce
1103,Heather Smith
1104,Tabitha Nunez
1105,Christopher Collins
1106,Eric Turner
1107,Courtney Hunter
1108,Dylan Oneill
1109,Kathleen Adams
1110,Melinda Jimenez
1111,Holly Adams
1112,Mrs. Wanda Carter DDS
1113,Melanie Brewer
1114,Jason Shaffer
1115,Dr. Angela Jones
1116,Sandra Singh
1117,Jeffrey Baird
1118,Roy Love
1119,Lisa Flores
1120,John Navarro
1121,Eric York
1122,Amy Jones
1123,Kevin Hamilton
1124,John Noble
1125,Jay Welch
1126,Katherine Durham
1127,Eric Acosta
1128,Aaron Nguyen
1129,Cody Phillips
1130,Brett Russell
1131,Sandra Espinoza
1132,Corey Fields
1133,Victor Black
1134,John Marsh
1135,Laura Morgan
1136,Krystal Brewer
1137,Nicholas Long
1138,Vanessa Patel
1139,Kimberly Moore MD
1140,Diane Edwards
1141,Mark Gutierrez
1142,Shane Garcia
1143,James Fernandez
1144,Gerald Butler
1145,Matthew Young
1146,Janice Joyce
1147,Michelle Hurst
1148,David Dudley
1149,Andrew Wilkins
1150,Latasha Espinoza
1151,Derrick Evans
1152,Mason Ray
1153,Antonio Thomas
1154,Jennifer Arellano
1155,Matthew Roberson
1156,Jorge Smith MD
1157,Caroline Barnes
1158,Louis Johnson
1159,Brent Elliott
1160,Jamie Holt
1161,Jonathan Stephenson
1162,Aaron Rose
1163,Dr. Connie Rivera
1164,Kara Perkins
1165,Kevin Tate
1166,Gilbert Ross
1167,Carrie Brown
1168,Connie Anderson
1169,Linda Duffy
1170,Lisa Espinoza
1171,Samantha Howell
1172,Thomas Washington
1173,Morgan Valdez
1174,Jesse Lewis
1175,Rodney Grimes
1176,Kimberly Turner
1177,Cynthia Smith
1178,Tiffany May
1179,Shirley Boone
1180,Michael Peterson
1181,George Rollins
1182,Kayla Powell
1183,Kimberly Skinner
1184,Tamara Bowman
1185,John Pennington
1186,Robert Bruce
1187,Jacob Wilkinson
1188,Kim Grant
1189,Linda Brown
1190,Michael Lewis
1191,Audrey Anderson
1192,Karen Anderson
1193,Wendy Roberts
1194,Carolyn Castillo
1195,John Diaz
1196,Cynthia Riggs
1197,Maureen Nguyen
1198,Melvin Hurley
1199,Bryan Stevens
1200,Ernest Stone
1201,Michael Winters
1202,Timothy Garcia
1203,Brett Schultz
1204,Bill Buchanan
1205,Hannah Nelson
1206,Anthony Luna
1207,Holly Austin
1208,Cameron Walters
1209,Johnathan Ellis
1210,Mr. Justin Allison
1211,Evan Harris
1212,Devin Guerrero
1213,Julia Jackson
1214,Pamela Thompson
1215,Gina Mahoney
1216,Timothy Stevens
1217,Ashley Richardson
1218,Judy Wang
1219,Fernando House
1220,Jenna Newman
1221,Dakota Compton
1222,Haley Conley
1223,Mrs. Taylor Tran
1224,Shaun Miller
1225,Seth Dunn
1226,Michelle Allen
1227,Tyler Jones
1228,Joseph Walton
1229,Mrs. Elizabeth Fernandez
1230,Brandi Simpson
1231,Jennifer Lopez
1232,Wesley Rogers
1233,Rebecca Tran
1234,Laura Ramirez
1235,Richard Jackson
1236,Brittney Smith
1237,Dana Hull
1238,Eric Strickland
1239,Melissa Bradford
1240,Tyler Smith
1241,Tabitha Reeves
1242,Mary Woodard
1243,Jorge Smith
1244,David Perez
1245,Mark Gray
1246,Rebecca Reyes
1247,Felicia Vasquez
1248,Lucas Ponce Jr.
1249,Bruce Palmer
1250,Matthew Mcconnell
1251,Taylor Stout
1252,Jesse Rowland
1253,Katherine Moss
1254,Robert Horn
1255,Kara Jenkins
1256,Regina Henderson
1257,Benjamin Smith DDS
1258,Raymond Nash
1259,Victoria Ray
1260,Monica Lane
1261,Jessica Fowler
1262,Denise Rodriguez MD
1263,James Little
1264,Dominique Gardner
1265,Jennifer Young
1266,Michael Hall
1267,David Freeman
1268,Margaret Hamilton
1269,Richard Ryan
1270,Wendy Wright
1271,Jeffrey Kirby
1272,Lisa Clayton
1273,Linda Anderson
1274,Laura Steele
1275,Yvonne Ramirez
1276,Tracy Roman
1277,Gary King
1278,Amber Brown
1279,Brian Pratt
1280,Randy Murray
1281,Mary Deleon
1282,Jesse Allen
1283,Drew Stewart
1284,Jason Fields
1285,Cathy Terry
1286,Catherine Cox
1287,Adrienne Barrett
1288,Andrew Mcmahon
1289,Emily Harrington
1290,Andrew Brown
1291,Deborah Walker
1292,Amy Hood
1293,Matthew Lee
1294,Justin Raymond
1295,Lisa Gibson
1296,Jasmine Miller
1297,Brian Mueller
1298,Gabriel Brown
1299,Mr. Thomas Lowe
1300,Sarah Harrington
1301,Karen Lawrence
1302,Kelly Solis
1303,Dawn Graham
1304,David Roman
1305,Terry Russo
1306,Catherine Walls
1307,Lauren Robinson
1308,Tami Guerrero
1309,Jennifer Phillips
1310,Sharon Duffy
1311,Mrs. Lindsay Weber MD
1312,Edward Morgan
1313,Christine Mack
1314,David Beck
1315,Jamie Collins
1316,Elizabeth Smith
1317,Brittany Taylor MD
1318,Lindsey Singh
1319,Lindsey Wilkerson
1320,Roger Callahan
1321,Amber Goodman
1322,Jeffrey Edwards
1323,Justin Johnson
1324,Amy Rose
1325,Christine Pena
1326,Jennifer Kelly
1327,Natalie Howard
1328,Edward Gill
1329,Brittany Kelly
1330,Misty Martinez
1331,Jordan Gonzalez
1332,Matthew Miller
1333,Jason Johnson
1334,Melanie Thompson
1335,Kaitlyn Lucas
1336,Derek Fernandez
1337,Kevin Becker
1338,Mark Green
1339,James Rosales
1340,Alejandro Bailey
1341,Alejandra Harris
1342,Kelly Hamilton
1343,Michael Hendrix
1344,Melissa Harris
1345,Kevin Keller
1346,Darren Shelton
1347,Brandi Manning
1348,Emily Williams
1349,Bryan Smith
1350,Loretta Smith
1351,Terrance Fox
1352,Ms. Emily Hayes DVM
1353,Eugene Moore
1354,Jose Castillo
1355,Kimberly Garcia
1356,Carrie Hardy
1357,Hannah Cohen
1358,Cindy Perez
1359,David Hall
1360,Martin Nguyen
1361,Jessica Welch
1362,David Nguyen
1363,Michele Johnson
1364,Peter Gonzalez
1365,Kim Marshall
1366,Diane Johnson
1367,Joshua Scott
1368,Kristen Gonzales
1369,Denise Oliver
1370,Todd Grant
1371,Michelle Miller
1372,Norman Davis
1373,Raymond Heath
1374,Crystal Allison
1375,Rebecca Young
1376,Lori Robles
1377,Sabrina Bean
1378,Kimberly Everett
1379,Brian Larson
1380,Michael Hart
1381,Lisa Jones
1382,Mrs. Anne Blevins
1383,Michelle Johnson
1384,Patricia Stewart
1385,Aaron Lee
1386,Ruben Anderson
1387,David Williams
1388,Andrea Payne
1389,Sean Lowe
1390,Kathleen Barnett
1391,Brett Taylor
1392,Mary Miller
1393,Tammy Patel
1394,Sarah Garcia
1395,Carlos Clarke
1396,Adam Johnson
1397,Cindy Brennan
1398,Christine Jackson
1399,Alicia Brown
1400,Daniel Mcneil
1401,Daniel Brown
1402,Daniel Frederick
1403,Dr. Todd Jones
1404,Terry Gibson
1405,Kathleen Clarke
1406,Stacey Case
1407,Mrs. Regina Riley
1408,Kristina Collins
1409,Thomas Brown
1410,Sheri Tyler
1411,Matthew Moss
1412,Travis Stanton Jr.
1413,Tammy Steele
1414,Ashley Johnson
1415,Paul Mays
1416,James Espinoza
1417,Kristie Wall
1418,Eric Sawyer
1419,Kimberly Smith
1420,Luke Martin
1421,Eric Massey
1422,Amy Hart DDS
1423,Jackie Norris
1424,Shawn Torres
1425,Emily Gaines
1426,Mandy Henry
1427,Rebecca Martin
1428,Lisa Martinez
1429,Vicki Pierce
1430,Tyler Jennings
1431,William Cooper
1432,Abigail Nelson
1433,Jeanette Waters
1434,Erin Riley
1435,Madison Gutierrez
1436,Emily Woodard
1437,Megan Dunn
1438,Mr. Lawrence Castro
1439,Allen Perez
1440,Ryan Bradley
1441,Laura Browning
1442,Cynthia Wilson
1443,Russell Harris
1444,Christy Walsh
1445,Nathan Price
1446,Valerie Gonzalez
1447,Aaron Ward
1448,Scott Sullivan
1449,Jason Burns
1450,Stephanie Rodriguez
1451,Deanna Sparks
1452,Erik Marshall
1453,Sabrina Lopez
1454,Stephen Harper
1455,James Burke
1456,Michelle Oconnor
1457,Evan Patel
1458,John Adams
1459,Robert Moreno
1460,Brian Hunter
1461,Kimberly Hartman
1462,Emily White
1463,Michelle Sandoval
1464,Gabrielle Walker DVM
1465,Natalie Wilson
1466,Jason Williams
1467,Lisa Harris
1468,Kevin George
1469,Daisy Carson
1470,Maria Jacobson
1471,Amanda Best
1472,Charles Pugh
1473,Joshua Torres
1474,Paul Allen
1475,Lisa Harris
1476,Samantha Bell
1477,Austin Manning
1478,John Swanson
1479,Jeffrey Nolan
1480,Ernest Johnson
1481,Tara Greene
1482,Christine Brown
1483,Daryl Salazar
1484,Steven Spence
1485,Jimmy Ortiz
1486,Casey Logan
1487,Robin Morris
1488,Rebecca Barnett
1489,Mr. Kevin Aguilar DDS
1490,Caitlin Murphy
1491,Ryan Warner
1492,Shannon Hart
1493,Sarah Koch
1494,Daniel Dunn
1495,Anthony David
1496,Keith Mcmillan
1497,David Gomez
1498,Michael Russo
1499,Steven Maddox
1500,Leah Mason
1501,Michael Walker
1502,Jamie Saunders
1503,Jennifer Villa
1504,Jeff Allen
1505,Amber Cooper
1506,Jacob Farmer
1507,Stephanie Daniels
1508,Debra Miller
1509,Brandon Hudson
1510,Jamie Mcconnell
1511,Steven Goodwin
1512,Dennis Ramsey
1513,Kelly Johnson
1514,Dominique Stone
1515,Joseph Hall
1516,Robert Vargas
1517,Tina Park
1518,Tina Adams
1519,Jessica Thompson
1520,Jean Sullivan MD
1521,Danielle Weaver
1522,Brian Cowan
1523,Daniel Richards
1524,Kayla Hall
1525,Bonnie Fields
1526,Cody Giles
1527,Tina King
1528,Karen Lee
1529,Richard Campbell
1530,Christine Francis
1531,Richard Cox
1532,Lauren Shaw
1533,Courtney Goodman
1534,Mrs. Diana Hernandez
1535,Andrew Davis
1536,Tiffany Singh
1537,Luis Brown
1538,Susan Richardson
1539,Christopher Garcia
1540,Thomas Torres
1541,Robert Richards
1542,Darryl Vasquez
1543,Amy Smith
1544,Diana Zimmerman
1545,Todd Carter
1546,Evan Kaufman
1547,Mark Williams
1548,Mary Richardson
1549,Joel Jones
1550,Patrick Smith
1551,Sarah Sandoval
1552,Joseph Blair
1553,Makayla Williams
1554,Jared Bradley
1555,Daniel Smith
1556,Jessica Garcia
1557,Kyle Reyes
1558,Adam Cooper
1559,Robin Hester
1560,Colton Taylor
1561,Kenneth Patterson
1562,Tina Anderson
1563,Pamela Gardner
1564,Fred Anderson
1565,Michael Chase Jr.
1566,Jacqueline Green PhD
1567,Jerry Jackson
1568,Chad Jones
1569,Candace Mendoza
1570,Andrew Long
1571,Laurie Patterson
1572,Mason Jarvis
1573,Scott Perez
1574,Ronald Martin
1575,Patricia Taylor
1576,Jacqueline Brown
1577,Taylor Pitts
1578,Hannah Parks MD
1579,Bradley Brown
1580,Daniel Moore
1581,Thomas Sims
1582,Kimberly Hernandez
1583,Janet Luna
1584,Scott Payne
1585,Lindsay Walker
1586,Michael Graves
1587,Wendy Franklin
1588,Nicholas Lee
1589,Mr. Stephen Abbott
1590,Nicole Hunter
1591,John Hunter
1592,Steven Bennett
1593,Elizabeth Watkins
1594,Patrick Johnston
1595,David Brown
1596,Zachary Hull
1597,Jessica Chavez
1598,Charles Brown
1599,Craig Taylor
1600,Mary Duke
1601,Paul Alvarez
1602,Larry Haas
1603,Johnny Cardenas
1604,Mrs. Alyssa Watts
1605,Christopher Martin
1606,Mark Myers
1607,Bryan Baker
1608,Jeffrey Anderson
1609,Allison Warner
1610,John Cox
1611,Eric Wilson
1612,Deborah Walker
1613,Richard Black
1614,Mariah Barton
1615,Christopher Webb
1616,Autumn Poole
1617,Erika Burns
1618,Nathan Hart
1619,Kenneth Osborn
1620,Kristy White
1621,Jeremy Fields
1622,Ruth Jensen MD
1623,Sara Watts
1624,April Torres
1625,Joshua Wood
1626,Tiffany Robles
1627,Sharon Cole
1628,Carol Evans
1629,Robert Gould
1630,Brady Jones
1631,Richard Carter
1632,Stephanie Brown
1633,Joseph Castillo
1634,Olivia Snow
1635,Paul Lee
1636,Gabriel Pena
1637,Deborah York
1638,Amy Marks
1639,George Walker
1640,Thomas Thompson
1641,Bethany Clark
1642,David Hawkins
1643,David Jones
1644,Brady Stafford
1645,Cheryl Richardson MD
1646,Jeffery Young
1647,Jordan Snyder
1648,Austin Taylor
1649,Lauren Gibson
1650,Claire Guzman
1651,Natasha Chavez
1652,Tony Velasquez
1653,Cameron Moreno
1654,Chad Dawson
1655,Joseph Finley
1656,Frank Davis
1657,Lori Bird
1658,Clifford Rivera
1659,Tammy Barnett
1660,Crystal Bond
1661,Ernest Miller
1662,Justin Ramirez
1663,James Fowler
1664,Samuel Wilcox
1665,Kimberly Garner
1666,Donald Scott
1667,Paul Shaffer
1668,Nicole Kelley
1669,Julie Collier
1670,Christopher Cohen
1671,Lance Herrera
1672,Courtney Holland
1673,John Trujillo
1674,James Williams
1675,Kyle Cole
1676,Katherine Stone
1677,Bethany Miller
1678,Joseph Short
1679,Joan White
1680,Taylor Nelson
1681,Christopher Zuniga
1682,Brittany Scott
1683,Paul Adams
1684,Karl Carlson
1685,Gregory Scott
1686,Ryan Williams
1687,Kimberly Allison
1688,Kimberly Davis
1689,Dennis Lopez
1690,Philip Cortez
1691,Nicholas Ware
1692,Rachel Clark
1693,Brian Patton
1694,Omar Washington
1695,Joshua Evans
1696,Heidi Nguyen
1697,Mr. Luke Mcdaniel
1698,Stacey Maddox
1699,Linda Leach
1700,Kyle Cain
1701,Erin Krueger
1702,Bradley Williams
1703,John Hansen
1704,Susan Hayes
1705,Jennifer Harris
1706,Sandra Carlson
1707,Nancy Butler
1708,Wendy Brown MD
1709,Anna Stephenson
1710,David Rios
1711,Amanda White
1712,Christina Miller
1713,Sally Knox
1714,Dawn Richards
1715,Morgan Farrell
1716,Joe Pace
1717,Katelyn Lopez
1718,Terry English
1719,Brandon Snyder
1720,Patrick Russell
1721,William Figueroa
1722,Preston Riley
1723,Walter Lopez
1724,Elizabeth Torres
1725,Benjamin Davis
1726,Brandon Fuentes
1727,Christine Lowe
1728,Mark Carter
1729,Matthew Donovan
1730,Kevin Wright
1731,Ian Allen
1732,Allison Wolf
1733,Craig Rowland
1734,Rachel Rivera
1735,Eric Cowan
1736,Mrs. Amanda Stewart
1737,John Ray
1738,Natalie Fletcher
1739,Valerie Gordon
1740,Gregory Wilson
1741,Mr. Alejandro Greene
1742,Jonathan Barnes
1743,Julia Roberts
1744,Stephen Ingram
1745,Morgan Clayton
1746,Deborah Ruiz
1747,Jennifer Hunt
1748,Jose Cook
1749,Brandon Brooks
1750,Kerri Salazar
1751,Todd Fuentes
1752,Timothy Smith
1753,Tina Wise
1754,Frederick Smith
1755,Lauren Herrera
1756,Dylan Levine
1757,William Keller
1758,Nicholas Bailey
1759,Alexis Anderson
1760,Maria Lewis
1761,Brittany Wilson
1762,Christopher Cross
1763,Billy Wong
1764,Meghan Stokes
1765,William Young
1766,Sheri Branch
1767,Patricia Parker
1768,Lisa Roach
1769,Rebecca Martinez
1770,Gregory Tanner
1771,Monica Thomas
1772,Alisha Mcdonald
1773,Jennifer Chavez
1774,Tyler Nichols
1775,Reginald Cooper
1776,Karen Smith
1777,Elizabeth Smith
1778,Lisa Montgomery
1779,Joseph Bradley
1780,Angela Dougherty
1781,Matthew Jensen
1782,Colleen Short
1783,Jasmine Berry
1784,Jennifer Baker
1785,Mary Cole
1786,David Bell
1787,Gregory Mccarty
1788,Rhonda Boyle
1789,Jesus Palmer
1790,Brandy Hudson
1791,Edward Medina
1792,Jenny Johnston
1793,Erik Gardner
1794,Michael Bryan
1795,Benjamin Cruz
1796,Samantha Goodwin
1797,Gloria Boyd
1798,Brittany Chan
1799,Dr. Jessica Hines
1800,William Gutierrez
1801,Christopher Bailey
1802,Ian Edwards
1803,Vanessa Lee
1804,Michael Espinoza
1805,Eric Smith
1806,Lori Mitchell
1807,Daniel Martin
1808,Kathy Stone
1809,Andrew Daniel MD
1810,Morgan Stevens
1811,Joe Richards
1812,Tammy Ingram
1813,Robert Hardy
1814,Justin Burns
1815,Mr. Jordan Lopez
1816,Laura Edwards
1817,Shaun Lang
1818,Jon Baker
1819,Steven Moore
1820,William Oliver
1821,Brittany Wright
1822,Christina Cox
1823,Corey Pittman
1824,Steven Miller
1825,Casey Carter
1826,Alyssa Martinez
1827,Mandy Gates
1828,Robert Harrington
1829,Barbara Reed
1830,Kathryn Allen
1831,Roberto Ray
1832,John Sexton
1833,Robert Hansen
1834,Kevin Lane
1835,Earl Nunez
1836,Jeffrey Rivers
1837,Mr. Kenneth Shepard
1838,Curtis Yates
1839,Pedro Everett
1840,Daniel Moses
1841,John Perry
1842,Patricia Thompson
1843,Angela Garcia
1844,Joyce Saunders
1845,Brett Maldonado
1846,Daniel Schroeder
1847,April Lewis
1848,Jennifer Adams
1849,John Bennett
1850,Jacob Anderson
1851,Steven Collier
1852,Cindy Serrano
1853,William Moody
1854,James Hunt
1855,Todd Higgins
1856,Claire Adams
1857,Erica Russell
1858,Noah Brown
1859,Phyllis Webb
1860,Emily Hess
1861,Lori Pacheco
1862,Melissa Nelson
1863,Teresa Parks
1864,Joseph Ballard
1865,Kathryn Hernandez
1866,Tara Montgomery
1867,Jeanette Sullivan
1868,Janice Key
1869,Connor Mitchell
1870,Jennifer Mckee
1871,Michael Armstrong
1872,Felicia Holmes
1873,Matthew Miller
1874,Christopher Roth
1875,Rebecca Jones
1876,Katherine Mitchell
1877,William Price
1878,Mary Anderson
1879,Rebecca Jackson
1880,Deborah Kelly
1881,Kelly Garza
1882,Alison Ramirez
1883,Brooke White
1884,Richard Castillo
1885,Jerry Perez
1886,Steven Johnson
1887,Bryan Francis
1888,Madison Davis
1889,Daniel Fowler
1890,Jackie Reid
1891,Derrick Bright
1892,Jason Weaver
1893,Mrs. Kari Franklin
1894,Stacey Miller
1895,Jordan Castaneda
1896,Donna Henry
1897,Megan Zimmerman
1898,Autumn Diaz
1899,Michael Sullivan
1900,Don Webster
1901,Tracy Watts
1902,Erin Moore
1903,Virginia Calhoun
1904,Jeffrey Smith
1905,Alison Mendez
1906,Catherine Conley
1907,Gregory Howell
1908,Jill Wagner
1909,Taylor Travis
1910,Tracy Zhang
1911,Toni Carlson
1912,Sarah Martin DVM
1913,Robert Curry
1914,Susan Bass
1915,Elizabeth Smith DDS
1916,Diana Brown
1917,Elizabeth Ramirez
1918,Nicholas Larson
1919,James Gonzales
1920,Lauren Gomez
1921,Anna Oliver
1922,Stephanie Williams
1923,Scott York
1924,Sarah Hensley
1925,Russell Gates
1926,Jamie Morales
1927,Sharon Bauer
1928,Julie Greer
1929,Jacob Burns
1930,Thomas Collins
1931,George Wyatt
1932,Christopher Crawford
1933,Bruce Cole
1934,Allison Williams
1935,Michael Wilcox
1936,James Walker
1937,Bradley Baker
1938,Laurie Short
1939,Crystal Bowen
1940,Tammy Garcia
1941,Scott York
1942,Julie Robinson
1943,Johnathan Gibson
1944,Heather Reynolds
1945,Zachary Porter
1946,Aaron Carlson
1947,Laura Jones
1948,Kristin Miller DDS
1949,Bradley Walters
1950,Crystal King
1951,Brittany Thompson
1952,Julie Moody
1953,John Robinson
1954,Kayla Parker
1955,Michael Farley
1956,Michael Sutton
1957,Jared Howell
1958,Olivia Garcia DVM
1959,Jodi Morse
1960,James Daniel
1961,Natasha Davis
1962,Justin Hicks
1963,Maureen Petty
1964,Joseph Lee
1965,Mrs. Yolanda Hardy
1966,Jessica Lee
1967,Sierra Vargas
1968,Kimberly Stephens
1969,Wendy Brown
1970,Cynthia Fletcher DDS
1971,Glenn Lewis
1972,Sonya Harrell
1973,Priscilla Bailey
1974,Brenda Gordon
1975,Kimberly Montes
1976,Larry Cox
1977,Robin Daniel
1978,Jeffrey Garcia
1979,James Jackson
1980,Randall Howard
1981,Dominic Anderson
1982,Robin Gilmore
1983,Sarah Gordon
1984,Brandi Cohen
1985,Holly Boyd
1986,Kyle Simpson
1987,Brenda Norman
1988,Tyler Smith
1989,Larry Singh
1990,David Miller
1991,Samuel Welch
1992,Amy Brown
1993,Pamela Jones
1994,Jasmine Flynn
1995,Stephanie Gibson
1996,Deanna Hutchinson
1997,Steven Cook
1998,Brandon Sanchez
1999,Dana Brown
2000,Matthew Mcmillan
