OrderID,Date,CustomerID,ProductID,StoreID,SalesChannel,Quantity,FinalPrice
5000,2025-02-13,1808,12,9,Store,1,599.0
5001,2025-01-30,1248,11,11,Store,1,1199.0
5002,2025-05-09,1639,16,3,Store,1,3599.0
5003,2026-01-29,1588,21,11,Store,1,49.0
5004,2024-12-30,1779,14,11,Online,1,4499.1
5005,2025-07-29,1695,12,11,Store,1,599.0
5006,2025-01-17,1270,23,5,Online,1,359.1
5007,2025-05-31,1633,25,4,Store,1,399.0
5008,2026-04-12,1296,16,4,Store,1,3599.0
5009,2025-07-24,1979,1,4,Online,1,3599.1
5010,2025-01-25,1282,14,11,Store,1,4999.0
5011,2026-01-03,1184,17,10,Store,2,2599.0
5012,2026-05-05,1449,10,14,Online,2,629.1
5013,2025-09-17,1334,13,10,Store,2,5699.0
5014,2025-03-04,1988,11,3,Online,2,1079.1
5015,2025-10-11,1583,6,1,Online,2,2249.1
5016,2026-01-27,1186,14,3,Store,1,4999.0
5017,2025-06-12,1836,10,8,Store,1,699.0
5018,2025-03-04,1380,24,2,Store,2,599.0
5019,2026-02-20,1786,19,1,Store,2,99.0
5020,2025-12-12,1475,7,11,Online,1,233.1
5021,2026-02-18,1931,1,10,Online,1,3599.1
5022,2024-12-27,1476,24,1,Store,1,599.0
5023,2025-02-18,1774,20,10,Store,2,79.0
5024,2025-02-17,1061,8,4,Store,2,1499.0
5025,2026-04-19,1612,13,8,Store,1,5699.0
5026,2025-12-24,1824,7,9,Online,2,233.1
5027,2025-11-26,1872,11,7,Online,1,1079.1
5028,2025-11-19,1388,14,3,Online,2,4499.1
5029,2025-12-22,1261,21,6,Store,2,49.0
5030,2025-09-30,1006,25,11,Store,2,399.0
5031,2024-09-13,1678,19,5,Online,1,89.1
5032,2025-08-08,1423,12,9,Store,1,599.0
5033,2025-09-15,1480,18,12,Online,1,359.1
5034,2025-05-26,1119,8,6,Online,1,1349.1
5035,2025-08-29,1311,5,2,Store,2,3500.0
5036,2024-07-07,1882,19,14,Store,2,99.0
5037,2024-06-23,1917,21,3,Online,2,44.1
5038,2025-10-23,1998,13,3,Online,2,5129.1
5039,2025-12-12,1594,7,11,Online,1,233.1
5040,2025-12-14,1887,7,11,Store,2,259.0
5041,2026-05-07,1244,11,13,Store,2,1199.0
5042,2024-12-10,1841,2,2,Store,2,2999.0
5043,2024-10-05,1479,12,5,Online,2,539.1
5044,2025-11-18,1192,10,2,Online,2,629.1
5045,2026-04-07,1072,14,12,Store,1,4999.0
5046,2024-07-07,1092,14,5,Store,2,4999.0
5047,2026-01-29,1613,4,4,Online,2,269.1
5048,2025-10-25,1455,15,12,Online,1,3689.1
5049,2025-09-14,1475,20,9,Store,2,79.0
5050,2024-11-01,1169,9,7,Online,2,989.1
5051,2025-03-02,1278,21,13,Store,2,49.0
5052,2026-04-09,1223,20,4,Store,2,79.0
5053,2025-10-05,1425,20,1,Online,1,71.1
5054,2024-08-29,1709,5,9,Store,1,3500.0
5055,2024-09-12,1468,23,10,Store,1,399.0
5056,2026-02-07,1952,18,11,Store,2,399.0
5057,2025-03-21,1720,22,11,Online,1,269.1
5058,2025-12-12,1678,3,8,Store,1,1999.0
5059,2024-11-22,1038,6,10,Store,2,2499.0
5060,2026-03-25,1037,16,7,Online,2,3239.1
5061,2026-04-02,1106,6,3,Store,1,2499.0
5062,2025-09-10,1216,17,11,Online,2,2339.1
5063,2026-05-05,1775,2,7,Online,2,2699.1
5064,2025-11-04,1935,11,6,Store,2,1199.0
5065,2026-01-21,1710,24,6,Online,1,539.1
5066,2024-08-02,1819,10,5,Online,1,629.1
5067,2024-08-31,1081,2,4,Store,1,2999.0
5068,2024-08-06,1496,1,9,Store,1,3999.0
5069,2025-02-23,1308,11,1,Online,1,1079.1
5070,2026-04-27,1643,14,2,Store,1,4999.0
5071,2024-09-24,1112,7,1,Store,1,259.0
5072,2026-02-28,1295,3,6,Store,2,1999.0
5073,2025-06-17,1472,10,4,Online,2,629.1
5074,2025-10-28,1415,14,4,Online,2,4499.1
5075,2025-03-31,1567,11,6,Store,1,1199.0
5076,2026-05-04,1260,25,7,Online,1,359.1
5077,2024-11-09,1457,19,10,Store,1,99.0
5078,2025-12-19,1301,13,8,Store,1,5699.0
5079,2025-12-28,1051,17,2,Store,2,2599.0
5080,2025-08-21,1291,16,13,Store,2,3599.0
5081,2025-08-14,1061,19,8,Online,1,89.1
5082,2026-03-12,1641,18,10,Online,1,359.1
5083,2026-05-22,1910,14,6,Store,1,4999.0
5084,2025-07-24,1542,10,6,Online,2,629.1
5085,2026-02-03,1382,17,3,Online,2,2339.1
5086,2024-11-27,1282,7,14,Online,1,233.1
5087,2025-08-09,1484,1,4,Store,1,3999.0
5088,2026-04-14,1515,15,10,Online,2,3689.1
5089,2026-03-14,1240,21,7,Store,2,49.0
5090,2024-09-05,1928,17,3,Store,1,2599.0
5091,2025-03-07,1179,3,12,Online,1,1799.1
5092,2024-09-26,1686,15,7,Online,2,3689.1
5093,2025-11-09,1741,8,3,Store,2,1499.0
5094,2025-08-13,1206,17,1,Online,2,2339.1
5095,2024-07-29,1703,21,8,Online,2,44.1
5096,2026-03-18,1597,19,2,Online,2,89.1
5097,2024-10-08,1557,14,2,Store,2,4999.0
5098,2024-08-12,1882,5,13,Store,2,3500.0
5099,2026-05-13,1045,12,1,Store,2,599.0
5100,2026-04-19,1325,3,3,Store,1,1999.0
5101,2024-06-08,1867,20,14,Online,2,71.1
5102,2025-12-24,1663,20,9,Store,1,79.0
5103,2025-11-11,1625,11,13,Online,2,1079.1
5104,2025-07-12,1628,15,4,Online,2,3689.1
5105,2024-08-21,1148,5,13,Online,1,3150.0
5106,2025-05-01,1977,8,3,Store,2,1499.0
5107,2025-08-24,1870,24,11,Online,1,539.1
5108,2025-05-02,1887,2,2,Online,1,2699.1
5109,2025-05-14,1317,4,11,Store,1,299.0
5110,2025-01-19,1203,11,1,Online,2,1079.1
5111,2025-08-27,1018,25,7,Store,2,399.0
5112,2025-04-29,1584,3,1,Online,2,1799.1
5113,2024-06-04,1706,25,10,Online,2,359.1
5114,2024-11-22,1155,18,9,Online,1,359.1
5115,2025-07-08,1595,18,12,Online,2,359.1
5116,2024-12-22,1876,12,13,Online,1,539.1
5117,2025-04-30,1464,8,7,Store,1,1499.0
5118,2025-09-25,1214,24,10,Store,2,599.0
5119,2024-11-21,1687,25,6,Online,1,359.1
5120,2025-02-19,1921,13,3,Store,1,5699.0
5121,2024-09-06,1570,1,3,Store,2,3999.0
5122,2024-07-23,1842,24,9,Store,2,599.0
5123,2024-09-03,1791,15,3,Online,1,3689.1
5124,2025-08-24,1143,3,3,Store,2,1999.0
5125,2026-03-16,1365,21,13,Store,2,49.0
5126,2025-07-30,1999,8,13,Store,2,1499.0
5127,2024-07-18,1904,1,4,Online,2,3599.1
5128,2025-08-08,1766,23,7,Online,2,359.1
5129,2025-06-08,1521,22,5,Online,1,269.1
5130,2024-08-26,1641,5,12,Online,2,3150.0
5131,2026-05-07,1461,20,5,Online,1,71.1
5132,2024-09-25,1850,10,5,Store,2,699.0
5133,2024-10-30,1266,18,5,Store,1,399.0
5134,2024-09-16,1410,6,1,Store,1,2499.0
5135,2024-11-07,1490,10,8,Online,1,629.1
5136,2025-06-26,1929,4,11,Online,2,269.1
5137,2025-01-09,1233,18,5,Store,2,399.0
5138,2025-06-06,1575,2,9,Online,1,2699.1
5139,2024-12-09,1523,20,6,Online,2,71.1
5140,2025-04-16,1246,7,9,Online,1,233.1
5141,2025-09-09,1325,17,2,Store,2,2599.0
5142,2024-09-13,1454,16,13,Store,1,3599.0
5143,2025-02-14,1170,6,2,Online,2,2249.1
5144,2024-11-02,1873,8,8,Store,2,1499.0
5145,2025-07-14,1866,22,8,Online,1,269.1
5146,2024-09-25,1400,23,14,Store,2,399.0
5147,2024-11-03,1349,2,8,Store,2,2999.0
5148,2026-04-20,1914,9,4,Store,1,1099.0
5149,2024-11-17,1812,5,1,Online,2,3150.0
5150,2024-07-03,1871,4,8,Store,1,299.0
5151,2026-04-25,1930,5,14,Store,2,3500.0
5152,2024-07-06,1144,24,12,Online,1,539.1
5153,2025-12-11,1618,12,3,Store,2,599.0
5154,2025-06-23,1104,14,5,Online,2,4499.1
5155,2024-10-03,1881,17,13,Online,1,2339.1
5156,2025-11-03,1164,16,10,Online,1,3239.1
5157,2024-11-19,1975,5,9,Online,1,3150.0
5158,2025-05-11,1414,8,10,Store,2,1499.0
5159,2026-03-25,1598,19,4,Store,2,99.0
5160,2025-11-08,1958,23,7,Online,2,359.1
5161,2024-07-17,1990,12,10,Online,2,539.1
5162,2025-06-26,1638,16,6,Online,2,3239.1
5163,2025-04-25,1276,13,1,Online,2,5129.1
5164,2025-11-12,1882,25,5,Store,2,399.0
5165,2026-01-13,1326,12,14,Online,2,539.1
5166,2026-02-26,1167,16,3,Store,2,3599.0
5167,2025-01-21,1498,3,13,Online,2,1799.1
5168,2026-01-28,1925,1,10,Online,2,3599.1
5169,2024-06-12,1797,7,11,Online,1,233.1
5170,2024-06-01,1424,9,5,Online,2,989.1
5171,2025-10-31,1257,6,11,Online,1,2249.1
5172,2024-07-06,1394,17,5,Store,2,2599.0
5173,2025-11-11,1510,8,10,Store,1,1499.0
5174,2026-01-30,1756,13,14,Store,1,5699.0
5175,2025-12-23,1051,9,4,Online,2,989.1
5176,2026-01-08,1911,18,10,Online,2,359.1
5177,2025-02-26,1859,14,10,Store,1,4999.0
5178,2024-11-14,1353,10,13,Store,2,699.0
5179,2025-05-03,1212,10,13,Online,2,629.1
5180,2026-05-25,1222,20,6,Store,2,79.0
5181,2024-07-09,1957,5,4,Store,2,3500.0
5182,2025-08-19,1729,10,6,Online,2,629.1
5183,2025-08-06,1577,19,12,Online,2,89.1
5184,2025-08-13,1372,8,7,Online,2,1349.1
5185,2025-06-04,1693,13,11,Store,1,5699.0
5186,2025-12-09,1273,11,12,Online,2,1079.1
5187,2024-09-15,1694,4,8,Online,1,269.1
5188,2025-02-02,1265,2,14,Store,2,2999.0
5189,2025-07-04,1988,5,2,Online,2,3150.0
5190,2024-07-27,1926,15,10,Online,2,3689.1
5191,2025-11-19,1646,14,14,Store,1,4999.0
5192,2025-01-21,1960,8,9,Store,1,1499.0
5193,2024-11-27,1091,6,12,Online,1,2249.1
5194,2025-06-03,1623,8,13,Store,2,1499.0
5195,2025-04-10,1561,3,2,Store,1,1999.0
5196,2025-02-12,1341,23,2,Online,2,359.1
5197,2025-12-14,1298,16,8,Online,1,3239.1
5198,2024-07-12,1415,16,1,Store,2,3599.0
5199,2025-07-10,1907,17,6,Store,1,2599.0
5200,2025-08-26,1460,22,14,Online,2,269.1
5201,2024-09-29,1931,23,11,Online,2,359.1
5202,2026-03-18,1917,3,2,Store,1,1999.0
5203,2026-05-01,1281,9,9,Online,1,989.1
5204,2024-10-11,1334,3,10,Store,2,1999.0
5205,2025-04-13,1922,4,5,Store,1,299.0
5206,2025-02-09,1609,11,4,Online,1,1079.1
5207,2025-05-25,1049,19,2,Store,2,99.0
5208,2025-07-17,1683,11,4,Online,2,1079.1
5209,2024-12-23,1827,9,1,Online,1,989.1
5210,2024-06-15,1578,24,14,Store,1,599.0
5211,2024-09-01,1009,12,13,Store,1,599.0
5212,2026-03-07,1867,21,5,Online,1,44.1
5213,2025-01-08,1083,10,13,Store,2,699.0
5214,2025-02-18,1930,22,8,Online,2,269.1
5215,2025-07-07,1490,24,2,Online,1,539.1
5216,2025-05-11,1447,7,9,Store,1,259.0
5217,2025-03-11,1949,14,14,Online,2,4499.1
5218,2026-04-08,1303,14,5,Online,2,4499.1
5219,2025-07-08,1190,10,4,Store,2,699.0
5220,2026-05-17,1248,21,5,Online,1,44.1
5221,2025-02-13,1482,24,9,Online,2,539.1
5222,2025-08-18,1570,19,10,Store,1,99.0
5223,2024-09-02,1102,19,9,Store,1,99.0
5224,2024-10-31,1878,24,11,Store,2,599.0
5225,2025-12-18,1772,12,4,Store,2,599.0
5226,2024-09-13,1671,7,6,Store,2,259.0
5227,2025-11-17,1966,7,10,Online,1,233.1
5228,2024-10-22,1564,15,12,Store,2,4099.0
5229,2024-12-10,1219,19,4,Store,1,99.0
5230,2026-04-20,1260,8,1,Online,1,1349.1
5231,2025-06-01,1022,4,4,Store,2,299.0
5232,2025-03-10,1304,18,11,Store,2,399.0
5233,2026-04-21,1008,17,13,Store,1,2599.0
5234,2025-10-08,1664,7,9,Online,2,233.1
5235,2025-09-22,1101,5,8,Store,2,3500.0
5236,2025-01-23,1401,17,9,Online,2,2339.1
5237,2026-03-10,1223,9,9,Store,2,1099.0
5238,2025-09-25,1311,6,3,Online,1,2249.1
5239,2025-08-09,1571,5,7,Online,1,3150.0
5240,2024-08-18,1672,17,6,Online,2,2339.1
5241,2024-08-06,1211,18,3,Online,1,359.1
5242,2024-11-07,1786,23,3,Online,1,359.1
5243,2026-03-20,1441,23,10,Online,2,359.1
5244,2024-06-22,1356,21,5,Online,1,44.1
5245,2024-12-25,1891,16,1,Online,1,3239.1
5246,2025-10-25,1586,4,5,Online,2,269.1
5247,2025-07-12,1264,12,1,Online,2,539.1
5248,2025-05-08,1035,10,4,Store,1,699.0
5249,2026-04-10,1618,11,1,Online,2,1079.1
5250,2024-07-17,1109,18,13,Store,2,399.0
5251,2026-05-05,1332,4,8,Store,2,299.0
5252,2025-12-24,1900,7,13,Store,2,259.0
5253,2025-04-22,1891,23,8,Store,2,399.0
5254,2024-07-15,1413,11,6,Store,1,1199.0
5255,2025-03-16,1301,17,3,Online,2,2339.1
5256,2025-07-28,1969,22,4,Store,2,299.0
5257,2025-09-15,1736,19,14,Online,2,89.1
5258,2025-05-08,1756,14,4,Store,2,4999.0
5259,2026-01-14,1398,12,9,Store,2,599.0
5260,2024-09-09,1917,19,14,Store,1,99.0
5261,2025-09-27,1869,1,6,Store,1,3999.0
5262,2025-01-19,1443,1,12,Store,1,3999.0
5263,2026-04-19,1490,20,10,Online,2,71.1
5264,2024-06-15,1937,1,6,Store,1,3999.0
5265,2025-01-14,1879,5,8,Online,2,3150.0
5266,2025-05-18,1544,16,9,Store,2,3599.0
5267,2024-11-18,1339,24,11,Store,1,599.0
5268,2025-12-09,1528,10,8,Online,2,629.1
5269,2025-01-08,1343,6,5,Store,1,2499.0
5270,2025-04-03,1305,11,1,Online,1,1079.1
5271,2025-03-01,1609,24,14,Online,1,539.1
5272,2025-09-13,1438,14,13,Store,2,4999.0
5273,2025-02-16,1900,18,2,Store,1,399.0
5274,2024-07-15,1791,13,13,Online,1,5129.1
5275,2025-02-11,1640,15,4,Online,2,3689.1
5276,2026-05-08,1610,4,3,Online,1,269.1
5277,2025-09-13,1116,22,3,Store,2,299.0
5278,2026-02-24,1352,25,4,Online,1,359.1
5279,2025-02-18,1752,22,3,Online,1,269.1
5280,2025-08-03,1779,13,6,Online,1,5129.1
5281,2025-07-12,1094,13,4,Store,2,5699.0
5282,2025-01-17,1143,2,1,Store,2,2999.0
5283,2025-01-21,1450,1,14,Store,2,3999.0
5284,2026-04-11,1897,13,13,Online,1,5129.1
5285,2024-09-02,1712,8,10,Online,2,1349.1
5286,2024-11-22,1585,16,13,Store,1,3599.0
5287,2025-10-22,1725,7,1,Online,2,233.1
5288,2025-06-24,1418,21,5,Store,1,49.0
5289,2024-11-20,1389,24,4,Store,1,599.0
5290,2026-01-25,1488,10,1,Online,1,629.1
5291,2026-04-07,1994,4,12,Online,1,269.1
5292,2024-11-29,1761,13,11,Online,1,5129.1
5293,2024-11-03,1705,22,11,Online,2,269.1
5294,2024-11-25,1554,5,13,Online,1,3150.0
5295,2024-06-27,1748,24,10,Store,2,599.0
5296,2024-09-30,1026,3,8,Online,1,1799.1
5297,2024-06-05,1672,22,13,Store,2,299.0
5298,2024-12-29,1491,20,14,Online,2,71.1
5299,2024-11-20,1093,9,9,Store,1,1099.0
5300,2025-05-17,1626,12,8,Online,1,539.1
5301,2024-08-09,1136,11,5,Online,1,1079.1
5302,2025-04-24,1578,23,5,Store,1,399.0
5303,2024-07-15,1686,23,10,Online,1,359.1
5304,2024-07-10,1482,19,6,Store,1,99.0
5305,2025-01-06,1214,4,11,Store,2,299.0
5306,2024-06-26,1641,25,6,Online,1,359.1
5307,2025-12-14,1883,8,2,Store,2,1499.0
5308,2025-08-16,1452,11,12,Store,1,1199.0
5309,2025-03-14,1415,7,8,Store,2,259.0
5310,2025-10-13,1082,2,4,Store,1,2999.0
5311,2024-06-24,1078,13,7,Online,2,5129.1
5312,2025-09-01,1813,23,13,Store,1,399.0
5313,2026-01-28,1255,7,9,Store,2,259.0
5314,2024-09-13,1140,23,8,Store,1,399.0
5315,2025-06-01,1969,9,2,Store,2,1099.0
5316,2025-04-18,1300,10,12,Store,2,699.0
5317,2024-12-12,1637,5,14,Store,1,3500.0
5318,2025-07-02,1504,18,10,Store,2,399.0
5319,2024-07-28,1435,12,2,Online,1,539.1
5320,2025-11-17,1348,18,5,Online,2,359.1
5321,2025-05-22,1837,4,11,Store,1,299.0
5322,2026-01-24,1284,11,9,Online,2,1079.1
5323,2025-07-16,1382,13,3,Store,2,5699.0
5324,2026-03-14,1975,12,5,Online,1,539.1
5325,2026-05-19,1239,7,8,Online,1,233.1
5326,2026-02-22,1031,8,7,Store,1,1499.0
5327,2025-02-01,1770,24,12,Store,2,599.0
5328,2025-05-13,1496,21,10,Online,1,44.1
5329,2024-11-28,1268,4,4,Store,1,299.0
5330,2024-12-24,1476,16,4,Online,1,3239.1
5331,2026-04-01,1645,23,10,Store,1,399.0
5332,2025-03-01,1766,22,9,Store,1,299.0
5333,2024-11-08,1710,12,12,Online,1,539.1
5334,2024-11-12,1858,17,11,Online,1,2339.1
5335,2026-02-07,1412,2,2,Store,1,2999.0
5336,2025-05-22,1079,17,3,Store,1,2599.0
5337,2024-12-09,1706,17,13,Online,1,2339.1
5338,2025-07-20,1457,6,1,Online,2,2249.1
5339,2025-08-21,1845,5,1,Online,1,3150.0
5340,2026-02-07,1700,25,10,Store,2,399.0
5341,2024-11-20,1423,8,9,Store,1,1499.0
5342,2025-12-10,1558,14,14,Online,2,4499.1
5343,2026-04-20,1976,10,12,Store,2,699.0
5344,2026-03-22,1044,13,8,Online,2,5129.1
5345,2026-03-09,1254,9,13,Store,1,1099.0
5346,2026-03-07,1248,9,6,Store,1,1099.0
5347,2024-08-09,1681,25,11,Store,2,399.0
5348,2025-11-17,1432,10,8,Store,1,699.0
5349,2026-02-20,1368,17,4,Store,2,2599.0
5350,2025-01-31,1510,17,8,Store,2,2599.0
5351,2026-03-09,1146,10,7,Online,1,629.1
5352,2024-08-28,1622,18,6,Store,2,399.0
5353,2024-07-16,1647,10,13,Store,2,699.0
5354,2024-07-06,1016,20,10,Store,1,79.0
5355,2024-08-31,1632,10,8,Store,2,699.0
5356,2025-09-30,1365,2,11,Store,1,2999.0
5357,2024-08-02,1749,7,11,Online,2,233.1
5358,2025-12-28,1040,18,11,Store,2,399.0
5359,2024-09-12,1102,24,10,Store,2,599.0
5360,2025-01-11,1686,3,10,Online,1,1799.1
5361,2025-12-23,1131,19,13,Online,2,89.1
5362,2024-12-11,1436,10,6,Store,2,699.0
5363,2025-12-03,1167,19,2,Store,2,99.0
5364,2024-11-23,1433,12,8,Online,1,539.1
5365,2026-01-02,1241,2,4,Store,2,2999.0
5366,2026-02-13,1413,17,1,Store,1,2599.0
5367,2026-03-21,1630,24,10,Online,1,539.1
5368,2025-03-20,1920,4,12,Store,2,299.0
5369,2025-02-12,1389,12,7,Online,2,539.1
5370,2025-01-05,1712,15,5,Store,2,4099.0
5371,2026-02-20,1915,16,8,Store,2,3599.0
5372,2024-08-23,1390,24,13,Online,1,539.1
5373,2025-11-06,1981,11,7,Store,1,1199.0
5374,2025-08-14,1191,2,3,Online,1,2699.1
5375,2026-01-31,1051,16,4,Store,1,3599.0
5376,2024-06-10,1406,6,1,Online,1,2249.1
5377,2026-03-23,1344,10,1,Online,2,629.1
5378,2025-01-10,1645,2,4,Online,2,2699.1
5379,2025-10-13,1749,25,1,Store,1,399.0
5380,2024-08-04,1895,5,2,Online,1,3150.0
5381,2026-05-23,1968,25,5,Online,1,359.1
5382,2025-10-24,1767,9,13,Online,2,989.1
5383,2026-01-14,1597,6,14,Online,2,2249.1
5384,2024-10-19,1934,7,9,Online,1,233.1
5385,2025-05-02,1524,20,1,Online,2,71.1
5386,2024-06-29,1733,25,13,Online,2,359.1
5387,2024-11-29,1938,9,14,Online,1,989.1
5388,2024-07-16,1694,17,3,Online,1,2339.1
5389,2024-07-04,1738,20,12,Store,1,79.0
5390,2025-10-04,1093,7,11,Online,1,233.1
5391,2024-06-19,1569,16,6,Online,1,3239.1
5392,2025-11-26,1037,16,13,Store,2,3599.0
5393,2024-11-24,1088,1,14,Online,1,3599.1
5394,2025-05-06,1642,24,10,Store,2,599.0
5395,2024-06-28,1585,5,14,Online,2,3150.0
5396,2025-01-09,1109,17,5,Online,2,2339.1
5397,2025-05-29,1084,14,14,Store,1,4999.0
5398,2025-07-09,1334,2,14,Online,2,2699.1
5399,2024-11-11,1359,4,2,Online,2,269.1
5400,2026-01-31,1313,4,4,Store,1,299.0
5401,2024-05-28,1383,5,4,Store,1,3500.0
5402,2024-07-01,1009,6,14,Store,2,2499.0
5403,2026-02-02,1960,13,12,Online,2,5129.1
5404,2025-11-04,1524,8,4,Online,2,1349.1
5405,2025-06-12,1944,21,13,Online,2,44.1
5406,2025-03-25,1257,11,1,Online,2,1079.1
5407,2024-09-05,1898,17,6,Store,1,2599.0
5408,2025-01-27,1319,12,6,Online,2,539.1
5409,2026-01-08,1313,19,6,Online,1,89.1
5410,2026-05-17,1847,15,6,Store,1,4099.0
5411,2026-02-02,1735,10,3,Online,1,629.1
5412,2024-08-27,1943,24,9,Online,2,539.1
5413,2025-04-20,1069,20,5,Online,2,71.1
5414,2026-03-08,1564,23,13,Online,2,359.1
5415,2024-08-28,1052,25,13,Online,2,359.1
5416,2025-05-25,1225,2,1,Store,1,2999.0
5417,2024-09-22,1819,19,8,Store,2,99.0
5418,2025-03-22,1619,9,8,Online,1,989.1
5419,2025-08-14,1541,25,4,Store,1,399.0
5420,2026-05-06,1349,3,9,Online,1,1799.1
5421,2024-09-29,1960,18,5,Store,1,399.0
5422,2026-04-14,1831,4,6,Store,2,299.0
5423,2024-12-11,1863,8,7,Online,1,1349.1
5424,2024-07-01,1746,14,11,Online,1,4499.1
5425,2025-04-07,1850,18,2,Store,1,399.0
5426,2026-01-05,1318,9,9,Online,1,989.1
5427,2025-08-28,1808,19,13,Online,1,89.1
5428,2026-04-26,1198,20,14,Online,2,71.1
5429,2025-10-02,1703,17,12,Online,2,2339.1
5430,2024-06-03,1460,15,9,Online,2,3689.1
5431,2024-10-08,1921,20,11,Store,1,79.0
5432,2025-04-02,1404,11,9,Online,2,1079.1
5433,2024-07-31,1235,6,2,Store,1,2499.0
5434,2025-07-22,1640,12,1,Online,2,539.1
5435,2025-05-25,1149,13,3,Store,2,5699.0
5436,2025-09-01,1199,14,12,Store,2,4999.0
5437,2024-08-11,1235,21,6,Store,2,49.0
5438,2025-10-06,1547,20,10,Store,2,79.0
5439,2026-05-07,1742,3,13,Store,1,1999.0
5440,2025-12-23,1248,14,4,Store,2,4999.0
5441,2025-02-20,1062,5,2,Online,2,3150.0
5442,2025-05-11,1875,2,1,Store,2,2999.0
5443,2025-07-06,1155,22,5,Store,1,299.0
5444,2024-10-09,1256,9,4,Online,2,989.1
5445,2025-08-25,1755,3,2,Online,2,1799.1
5446,2025-03-05,1157,8,12,Store,2,1499.0
5447,2025-10-23,1005,25,9,Store,2,399.0
5448,2025-05-07,1996,13,5,Online,2,5129.1
5449,2024-10-24,1336,8,2,Store,2,1499.0
5450,2024-07-07,1352,16,1,Online,1,3239.1
5451,2024-09-12,1547,11,3,Online,2,1079.1
5452,2024-07-02,1775,6,10,Store,1,2499.0
5453,2024-09-28,1243,24,5,Store,2,599.0
5454,2025-10-18,1894,9,7,Store,2,1099.0
5455,2025-01-17,1832,13,14,Store,2,5699.0
5456,2025-08-18,1273,10,9,Store,2,699.0
5457,2026-05-10,1275,24,14,Store,2,599.0
5458,2025-12-09,1241,18,3,Store,2,399.0
5459,2025-06-28,1253,23,6,Online,2,359.1
5460,2025-07-04,1345,22,3,Online,2,269.1
5461,2024-07-09,1511,1,11,Store,2,3999.0
5462,2024-06-13,1676,12,13,Online,1,539.1
5463,2024-09-30,1780,20,4,Store,2,79.0
5464,2025-05-18,1923,8,9,Online,1,1349.1
5465,2025-10-30,1423,11,14,Store,2,1199.0
5466,2024-11-08,1192,16,7,Online,2,3239.1
5467,2025-12-26,1385,2,10,Online,1,2699.1
5468,2024-10-25,1074,19,10,Online,2,89.1
5469,2026-04-11,1142,1,7,Online,2,3599.1
5470,2025-05-19,1283,18,5,Store,1,399.0
5471,2026-01-04,1946,1,6,Store,1,3999.0
5472,2025-03-19,1121,18,8,Store,2,399.0
5473,2024-10-28,1598,9,2,Online,2,989.1
5474,2026-03-24,1440,6,14,Store,2,2499.0
5475,2025-04-05,1511,15,2,Store,2,4099.0
5476,2024-11-04,1009,3,13,Store,1,1999.0
5477,2024-11-29,1125,14,9,Store,1,4999.0
5478,2025-03-08,1264,14,9,Online,2,4499.1
5479,2025-09-13,1086,1,5,Store,2,3999.0
5480,2024-10-24,1472,12,9,Online,2,539.1
5481,2024-10-19,1728,3,6,Online,1,1799.1
5482,2025-11-16,1007,16,10,Online,1,3239.1
5483,2024-11-06,1616,18,1,Store,1,399.0
5484,2025-04-15,1486,24,3,Online,2,539.1
5485,2026-01-03,1848,21,3,Online,1,44.1
5486,2026-02-20,1692,14,12,Online,1,4499.1
5487,2024-07-02,1890,23,6,Store,2,399.0
5488,2025-06-12,1807,22,1,Store,1,299.0
5489,2024-09-15,1325,21,5,Store,1,49.0
5490,2026-05-01,1366,10,7,Online,1,629.1
5491,2024-07-14,1861,2,9,Store,1,2999.0
5492,2024-08-12,1177,8,7,Store,1,1499.0
5493,2026-03-18,1372,19,6,Store,1,99.0
5494,2025-05-10,1329,16,4,Online,1,3239.1
5495,2025-04-27,1710,3,1,Online,2,1799.1
5496,2024-07-05,1698,24,1,Online,2,539.1
5497,2025-06-23,1757,20,6,Online,1,71.1
5498,2026-01-04,1835,15,7,Store,1,4099.0
5499,2024-08-18,1771,25,10,Online,2,359.1
5500,2024-10-10,1447,22,3,Store,2,299.0
5501,2025-04-16,1095,5,12,Online,2,3150.0
5502,2026-04-24,1709,10,2,Online,2,629.1
5503,2025-07-30,1279,1,6,Store,2,3999.0
5504,2025-10-07,1578,7,14,Store,2,259.0
5505,2026-05-10,1966,2,6,Store,1,2999.0
5506,2024-08-20,1790,15,5,Online,1,3689.1
5507,2024-06-21,1336,9,9,Online,1,989.1
5508,2024-10-23,1292,16,2,Online,1,3239.1
5509,2025-07-31,1093,15,1,Online,2,3689.1
5510,2026-04-08,1275,3,2,Online,2,1799.1
5511,2026-02-05,1609,22,11,Online,2,269.1
5512,2025-10-22,1816,17,1,Store,2,2599.0
5513,2025-07-16,1058,12,11,Online,2,539.1
5514,2025-02-27,1027,3,3,Online,1,1799.1
5515,2024-10-16,1584,22,1,Store,1,299.0
5516,2026-04-21,1499,22,12,Store,2,299.0
5517,2024-07-18,1070,16,9,Store,1,3599.0
5518,2025-02-18,1398,25,13,Online,2,359.1
5519,2024-12-01,1034,4,6,Store,1,299.0
5520,2026-04-15,1553,1,3,Store,1,3999.0
5521,2024-12-08,1357,3,7,Online,2,1799.1
5522,2024-12-25,1910,3,11,Store,2,1999.0
5523,2025-10-14,1655,11,14,Store,2,1199.0
5524,2026-04-06,1384,15,13,Store,2,4099.0
5525,2026-03-27,1027,17,6,Online,2,2339.1
5526,2025-11-27,1211,13,5,Online,1,5129.1
5527,2025-06-07,1587,15,9,Online,2,3689.1
5528,2024-07-14,1952,18,13,Online,2,359.1
5529,2025-10-15,1587,23,11,Online,2,359.1
5530,2025-01-20,1839,22,10,Store,1,299.0
5531,2025-08-20,1133,3,1,Store,2,1999.0
5532,2026-03-29,1761,16,4,Store,1,3599.0
5533,2024-06-13,1089,5,6,Store,1,3500.0
5534,2024-11-17,1891,10,5,Online,2,629.1
5535,2026-04-29,1692,1,11,Store,1,3999.0
5536,2024-09-30,1279,14,11,Store,2,4999.0
5537,2025-04-29,1340,2,9,Store,2,2999.0
5538,2025-11-27,1646,10,7,Online,1,629.1
5539,2025-12-20,1986,9,7,Online,2,989.1
5540,2025-05-05,1456,25,5,Store,2,399.0
5541,2024-12-19,1397,7,9,Online,1,233.1
5542,2025-11-13,1259,20,4,Store,1,79.0
5543,2025-06-08,1942,20,13,Store,2,79.0
5544,2026-02-14,1640,23,13,Store,2,399.0
5545,2026-01-17,1305,12,5,Store,2,599.0
5546,2025-10-25,1673,22,14,Online,2,269.1
5547,2025-06-08,1784,24,7,Store,2,599.0
5548,2025-06-25,1169,5,8,Online,2,3150.0
5549,2025-01-31,1707,13,10,Store,1,5699.0
5550,2026-02-02,1570,25,13,Store,2,399.0
5551,2024-06-20,1624,9,14,Online,2,989.1
5552,2025-02-05,1053,15,14,Store,1,4099.0
5553,2025-02-19,1307,25,2,Store,1,399.0
5554,2025-11-16,1089,15,7,Online,2,3689.1
5555,2025-01-25,1295,20,8,Store,2,79.0
5556,2024-09-04,1177,8,13,Store,2,1499.0
5557,2026-01-17,1430,21,12,Store,2,49.0
5558,2024-12-28,1887,19,2,Store,2,99.0
5559,2025-04-03,1996,20,11,Online,2,71.1
5560,2025-05-05,1677,6,9,Store,2,2499.0
5561,2025-04-27,1762,23,11,Online,1,359.1
5562,2026-03-19,1483,12,3,Store,1,599.0
5563,2024-08-01,1564,8,12,Online,1,1349.1
5564,2025-07-07,1164,14,11,Online,1,4499.1
5565,2025-06-05,1712,25,8,Online,2,359.1
5566,2025-06-27,1391,14,13,Store,1,4999.0
5567,2024-09-28,1846,11,3,Store,1,1199.0
5568,2025-09-04,1779,10,9,Store,2,699.0
5569,2025-05-21,1707,21,6,Online,1,44.1
5570,2026-02-07,1503,6,6,Online,2,2249.1
5571,2025-03-16,1270,21,1,Store,2,49.0
5572,2026-03-27,1867,12,12,Store,2,599.0
5573,2026-03-03,1879,2,2,Online,1,2699.1
5574,2025-01-04,1524,25,3,Online,2,359.1
5575,2026-02-11,1672,22,4,Online,1,269.1
5576,2024-10-01,1759,18,2,Store,2,399.0
5577,2024-12-10,1955,7,10,Online,2,233.1
5578,2025-08-16,1666,8,9,Online,1,1349.1
5579,2024-11-20,1965,21,14,Store,1,49.0
5580,2025-01-05,1672,2,1,Store,1,2999.0
5581,2026-02-16,1943,15,6,Store,2,4099.0
5582,2025-12-19,1082,12,7,Online,1,539.1
5583,2024-06-23,1106,6,3,Online,2,2249.1
5584,2026-03-09,1602,20,13,Store,1,79.0
5585,2024-11-16,1906,2,3,Online,2,2699.1
5586,2026-01-07,1023,20,9,Online,2,71.1
5587,2024-12-16,1080,5,4,Store,1,3500.0
5588,2024-11-15,1300,3,2,Store,1,1999.0
5589,2025-11-24,1395,9,10,Store,2,1099.0
5590,2025-09-22,1665,20,2,Online,2,71.1
5591,2026-04-25,1149,18,10,Online,2,359.1
5592,2024-12-05,1147,7,2,Store,2,259.0
5593,2026-04-05,1327,17,7,Store,1,2599.0
5594,2024-09-01,1524,15,9,Online,1,3689.1
5595,2026-01-17,1205,12,12,Store,2,599.0
5596,2025-11-08,1304,2,9,Online,1,2699.1
5597,2025-10-13,1340,22,10,Store,1,299.0
5598,2024-12-11,1055,1,11,Online,1,3599.1
5599,2026-04-01,1149,7,12,Online,1,233.1
5600,2025-01-03,1612,14,4,Online,1,4499.1
5601,2025-12-25,1505,25,12,Store,2,399.0
5602,2026-02-24,1074,13,12,Online,2,5129.1
5603,2024-10-08,1428,8,10,Online,2,1349.1
5604,2024-06-29,1663,14,2,Online,2,4499.1
5605,2026-04-09,1935,25,1,Store,2,399.0
5606,2024-11-15,1709,6,9,Online,2,2249.1
5607,2026-03-01,1634,9,9,Store,2,1099.0
5608,2025-01-27,1407,19,3,Store,1,99.0
5609,2025-03-24,1837,25,7,Online,2,359.1
5610,2024-09-04,1413,8,14,Online,1,1349.1
5611,2026-01-30,1400,10,10,Online,1,629.1
5612,2025-08-30,1811,20,14,Store,2,79.0
5613,2025-01-12,1033,7,13,Online,2,233.1
5614,2024-07-15,1534,7,9,Online,2,233.1
5615,2024-09-20,1805,19,10,Store,1,99.0
5616,2025-12-16,1150,18,8,Store,1,399.0
5617,2025-03-31,1076,7,5,Store,2,259.0
5618,2025-02-25,1190,11,10,Store,1,1199.0
5619,2025-06-25,1273,20,1,Store,1,79.0
5620,2024-07-12,1744,22,10,Online,1,269.1
5621,2026-03-15,1907,20,5,Online,2,71.1
5622,2024-07-24,1954,22,6,Store,1,299.0
5623,2025-07-05,1894,22,13,Store,2,299.0
5624,2025-04-18,1895,6,10,Store,2,2499.0
5625,2025-03-20,1408,16,14,Online,1,3239.1
5626,2024-07-07,1275,10,14,Store,1,699.0
5627,2025-02-15,1986,5,4,Online,1,3150.0
5628,2025-06-25,1082,20,8,Store,2,79.0
5629,2026-01-16,1278,17,6,Store,2,2599.0
5630,2026-03-27,1713,22,8,Online,1,269.1
5631,2026-04-24,1672,11,11,Store,2,1199.0
5632,2024-11-16,1760,17,5,Store,2,2599.0
5633,2024-09-26,1694,15,13,Online,1,3689.1
5634,2025-02-27,1687,1,1,Store,2,3999.0
5635,2025-02-18,1899,24,1,Store,1,599.0
5636,2025-12-24,1199,23,7,Online,2,359.1
5637,2025-12-06,1575,12,1,Store,1,599.0
5638,2025-03-04,1964,11,2,Store,2,1199.0
5639,2025-07-18,1474,1,6,Store,1,3999.0
5640,2024-07-25,1407,18,11,Online,2,359.1
5641,2024-12-08,1724,21,6,Store,1,49.0
5642,2025-04-23,1740,25,8,Online,2,359.1
5643,2026-03-03,1632,1,9,Store,1,3999.0
5644,2026-03-05,1464,9,10,Online,1,989.1
5645,2025-07-25,1574,3,2,Store,2,1999.0
5646,2025-11-25,1229,16,12,Store,1,3599.0
5647,2024-11-04,1467,4,10,Online,2,269.1
5648,2025-03-18,1317,22,6,Online,2,269.1
5649,2025-05-05,1497,18,2,Online,2,359.1
5650,2024-12-04,1181,3,4,Online,2,1799.1
5651,2025-01-08,1062,25,12,Online,2,359.1
5652,2026-04-05,1619,19,8,Online,2,89.1
5653,2025-11-04,1902,8,7,Online,1,1349.1
5654,2024-12-18,1499,2,8,Online,2,2699.1
5655,2026-02-14,1131,8,7,Store,2,1499.0
5656,2025-11-28,1323,13,14,Store,2,5699.0
5657,2025-07-02,1956,8,1,Online,1,1349.1
5658,2025-05-08,1329,15,2,Online,1,3689.1
5659,2026-04-11,1649,19,2,Online,2,89.1
5660,2025-06-29,1679,6,11,Online,1,2249.1
5661,2025-08-12,1621,5,5,Online,2,3150.0
5662,2026-01-10,1036,24,2,Store,2,599.0
5663,2024-06-18,1152,15,11,Online,1,3689.1
5664,2024-09-27,1558,10,7,Store,2,699.0
5665,2024-12-03,1190,10,4,Store,1,699.0
5666,2026-01-30,1364,12,12,Store,2,599.0
5667,2025-12-18,1309,2,10,Online,1,2699.1
5668,2025-07-18,1613,21,11,Online,1,44.1
5669,2024-10-24,1657,13,9,Store,2,5699.0
5670,2024-08-29,1816,4,1,Store,2,299.0
5671,2025-10-17,1703,12,7,Store,2,599.0
5672,2026-04-21,1753,25,14,Store,1,399.0
5673,2024-10-30,1814,17,11,Store,1,2599.0
5674,2024-08-15,1333,6,1,Online,1,2249.1
5675,2025-04-26,1581,24,2,Online,1,539.1
5676,2024-07-04,1772,14,4,Store,2,4999.0
5677,2024-06-18,1303,16,8,Online,2,3239.1
5678,2025-10-03,1879,24,5,Online,2,539.1
5679,2025-11-18,1787,18,2,Online,1,359.1
5680,2024-10-17,1136,19,9,Store,2,99.0
5681,2024-12-18,1549,12,1,Online,2,539.1
5682,2025-12-23,1265,16,13,Store,2,3599.0
5683,2025-04-13,1046,1,6,Store,2,3999.0
5684,2026-02-18,1166,18,5,Online,2,359.1
5685,2025-08-26,1083,16,6,Online,1,3239.1
5686,2025-09-14,1470,2,14,Store,1,2999.0
5687,2024-07-31,1689,7,2,Store,1,259.0
5688,2025-03-06,1674,17,2,Store,2,2599.0
5689,2026-02-07,1521,14,8,Store,1,4999.0
5690,2025-06-23,1219,11,9,Store,1,1199.0
5691,2026-03-07,1286,14,13,Online,1,4499.1
5692,2025-08-12,1165,12,12,Store,2,599.0
5693,2024-08-02,1540,5,14,Online,2,3150.0
5694,2025-11-30,1116,13,4,Online,1,5129.1
5695,2024-12-06,1253,13,13,Store,1,5699.0
5696,2025-03-21,1216,17,9,Online,2,2339.1
5697,2025-07-14,1588,20,11,Store,2,79.0
5698,2024-06-02,1936,23,8,Online,2,359.1
5699,2024-08-26,1910,24,11,Online,1,539.1
5700,2025-09-24,1649,21,6,Store,1,49.0
5701,2026-02-04,1961,20,8,Store,1,79.0
5702,2025-07-16,1233,20,7,Online,1,71.1
5703,2024-11-06,1704,21,14,Online,2,44.1
5704,2025-12-12,1295,21,1,Store,1,49.0
5705,2024-12-30,1292,5,9,Online,2,3150.0
5706,2026-05-10,1462,6,5,Store,1,2499.0
5707,2025-05-28,1513,7,1,Store,2,259.0
5708,2024-10-04,1945,10,11,Store,2,699.0
5709,2025-12-25,1234,21,6,Online,2,44.1
5710,2025-09-02,1747,5,8,Store,2,3500.0
5711,2024-06-21,1171,24,7,Store,2,599.0
5712,2025-12-09,1512,22,8,Store,2,299.0
5713,2025-02-07,1268,5,11,Store,2,3500.0
5714,2025-02-08,1603,25,7,Online,2,359.1
5715,2025-09-09,1886,4,14,Online,2,269.1
5716,2025-10-11,1448,12,1,Online,1,539.1
5717,2025-11-22,1544,14,2,Store,1,4999.0
5718,2024-12-27,1589,8,7,Store,2,1499.0
5719,2025-02-08,1995,17,11,Store,2,2599.0
5720,2025-11-14,1382,4,7,Store,2,299.0
5721,2025-09-06,1565,18,11,Store,1,399.0
5722,2024-07-11,1262,8,1,Store,1,1499.0
5723,2024-09-11,1723,22,12,Online,1,269.1
5724,2025-06-09,1827,17,14,Store,2,2599.0
5725,2025-06-01,1836,23,10,Online,1,359.1
5726,2024-11-22,1110,17,3,Store,1,2599.0
5727,2025-06-15,1350,3,13,Online,1,1799.1
5728,2025-08-17,1525,23,1,Store,2,399.0
5729,2025-05-17,1350,12,8,Online,1,539.1
5730,2025-02-16,1171,4,13,Online,1,269.1
5731,2024-09-24,1067,7,13,Online,2,233.1
5732,2025-06-01,1614,6,1,Online,1,2249.1
5733,2025-12-30,1284,1,13,Online,2,3599.1
5734,2025-01-06,1311,15,14,Online,1,3689.1
5735,2024-06-27,1135,21,2,Online,2,44.1
5736,2026-03-24,1294,24,1,Store,1,599.0
5737,2024-07-23,1046,7,7,Store,1,259.0
5738,2025-10-19,1166,12,3,Store,1,599.0
5739,2024-12-02,1120,12,9,Store,1,599.0
5740,2024-11-14,1871,3,14,Store,1,1999.0
5741,2025-01-03,1765,15,12,Online,2,3689.1
5742,2025-10-05,1573,14,12,Store,2,4999.0
5743,2024-07-20,1571,23,13,Online,1,359.1
5744,2025-01-05,1958,19,13,Online,2,89.1
5745,2025-02-12,1352,1,7,Online,1,3599.1
5746,2026-03-30,1252,21,5,Store,1,49.0
5747,2025-07-20,1085,7,14,Store,1,259.0
5748,2025-02-15,1796,15,1,Online,2,3689.1
5749,2025-09-06,1925,23,9,Online,1,359.1
5750,2026-04-25,1837,14,3,Online,1,4499.1
5751,2024-07-31,1001,15,7,Online,2,3689.1
5752,2024-12-07,1224,10,3,Online,2,629.1
5753,2025-07-16,1135,22,5,Online,1,269.1
5754,2025-12-06,1605,20,4,Store,1,79.0
5755,2025-02-04,1282,22,1,Online,1,269.1
5756,2024-09-07,1011,10,14,Online,2,629.1
5757,2025-07-08,1258,24,14,Store,1,599.0
5758,2024-10-05,1178,13,7,Online,1,5129.1
5759,2024-06-04,1029,6,7,Online,2,2249.1
5760,2025-08-24,1049,23,2,Store,2,399.0
5761,2025-08-08,1865,11,1,Online,2,1079.1
5762,2025-04-07,1614,15,7,Store,1,4099.0
5763,2024-08-26,1292,16,13,Store,1,3599.0
5764,2025-11-18,1878,4,4,Store,2,299.0
5765,2024-08-24,1130,4,2,Online,1,269.1
5766,2026-05-13,1569,14,9,Store,2,4999.0
5767,2024-08-21,1709,17,10,Store,2,2599.0
5768,2026-02-07,1288,15,13,Online,1,3689.1
5769,2025-02-24,1477,13,11,Store,2,5699.0
5770,2025-08-30,1990,13,7,Store,1,5699.0
5771,2025-08-29,1435,25,7,Store,1,399.0
5772,2025-08-24,1216,18,2,Store,1,399.0
5773,2026-02-10,1534,8,11,Store,2,1499.0
5774,2026-01-09,1841,11,8,Online,2,1079.1
5775,2025-02-07,1585,17,2,Store,2,2599.0
5776,2026-03-14,1438,2,12,Store,1,2999.0
5777,2025-09-05,1774,5,3,Online,1,3150.0
5778,2025-10-15,1580,6,9,Online,2,2249.1
5779,2026-04-13,1931,19,13,Store,2,99.0
5780,2025-01-10,1150,3,7,Online,2,1799.1
5781,2024-11-02,1717,9,7,Store,1,1099.0
5782,2026-03-29,1100,1,9,Online,2,3599.1
5783,2024-09-07,1530,17,13,Online,2,2339.1
5784,2025-08-18,1720,10,14,Store,2,699.0
5785,2025-03-18,1779,3,6,Store,2,1999.0
5786,2025-12-05,1855,25,13,Online,1,359.1
5787,2024-06-16,1053,15,14,Store,1,4099.0
5788,2025-11-02,1857,17,3,Online,2,2339.1
5789,2025-10-02,1331,7,11,Store,1,259.0
5790,2026-01-05,1351,14,3,Online,2,4499.1
5791,2024-12-04,1184,8,4,Store,1,1499.0
5792,2024-07-04,1030,7,3,Store,2,259.0
5793,2025-01-17,1202,22,9,Online,1,269.1
5794,2026-05-20,1110,22,13,Online,1,269.1
5795,2026-03-31,1058,4,4,Store,2,299.0
5796,2025-12-30,1869,22,14,Online,1,269.1
5797,2025-12-16,1757,17,9,Store,2,2599.0
5798,2025-07-30,1064,6,1,Store,2,2499.0
5799,2024-10-24,1187,4,5,Store,2,299.0
5800,2025-11-14,1021,5,14,Store,1,3500.0
5801,2024-07-22,1373,5,11,Store,1,3500.0
5802,2024-08-24,1012,3,8,Store,2,1999.0
5803,2025-11-06,1348,24,12,Online,1,539.1
5804,2026-02-09,1212,5,7,Store,1,3500.0
5805,2025-12-29,1176,2,13,Online,1,2699.1
5806,2024-11-09,1429,23,10,Online,1,359.1
5807,2025-07-28,1117,25,6,Online,2,359.1
5808,2025-03-02,1314,8,5,Online,1,1349.1
5809,2024-08-07,1173,12,9,Online,2,539.1
5810,2026-02-22,1526,25,14,Store,2,399.0
5811,2025-02-05,1829,7,14,Store,2,259.0
5812,2024-11-17,1678,21,14,Online,2,44.1
5813,2025-03-15,1883,15,13,Online,2,3689.1
5814,2025-01-18,1349,11,1,Store,2,1199.0
5815,2026-04-29,1568,14,10,Store,1,4999.0
5816,2025-03-25,1133,12,13,Store,2,599.0
5817,2025-02-19,1943,17,14,Store,2,2599.0
5818,2024-08-21,1357,20,13,Store,1,79.0
5819,2026-04-29,1877,12,12,Store,1,599.0
5820,2024-12-09,1972,10,8,Online,1,629.1
5821,2025-12-28,1428,2,9,Online,2,2699.1
5822,2026-04-12,1563,9,9,Store,1,1099.0
5823,2025-09-13,1515,10,2,Store,1,699.0
5824,2025-07-23,1880,9,12,Store,1,1099.0
5825,2025-05-30,1612,1,3,Store,2,3999.0
5826,2025-01-17,1195,11,11,Online,2,1079.1
5827,2025-04-25,1185,25,8,Store,1,399.0
5828,2025-12-22,1458,3,13,Store,1,1999.0
5829,2025-03-12,1247,23,4,Online,2,359.1
5830,2025-08-15,1910,19,5,Online,1,89.1
5831,2025-11-15,1523,7,10,Store,1,259.0
5832,2026-04-12,1715,22,12,Online,1,269.1
5833,2025-02-01,1277,9,6,Store,2,1099.0
5834,2025-12-11,1801,14,9,Store,2,4999.0
5835,2025-09-04,1141,9,14,Store,2,1099.0
5836,2025-09-23,1161,21,10,Online,2,44.1
5837,2026-03-30,1902,8,11,Store,2,1499.0
5838,2024-06-17,1306,16,4,Store,1,3599.0
5839,2025-04-07,1909,6,11,Store,1,2499.0
5840,2025-08-20,1848,15,5,Online,1,3689.1
5841,2025-06-23,1294,23,8,Online,2,359.1
5842,2024-11-26,1906,20,9,Store,1,79.0
5843,2025-09-19,1289,18,1,Store,1,399.0
5844,2024-09-29,1667,23,14,Online,2,359.1
5845,2024-07-30,1641,13,9,Online,1,5129.1
5846,2024-11-16,1572,2,10,Online,1,2699.1
5847,2026-05-17,1968,11,3,Store,1,1199.0
5848,2026-03-17,1336,15,1,Store,2,4099.0
5849,2024-09-19,1487,6,2,Store,2,2499.0
5850,2024-06-09,1929,13,11,Store,1,5699.0
5851,2025-02-09,1382,14,11,Store,1,4999.0
5852,2025-05-01,1823,24,3,Store,2,599.0
5853,2026-05-17,1723,10,3,Store,1,699.0
5854,2025-08-29,1185,13,12,Online,1,5129.1
5855,2025-02-22,1627,10,10,Online,2,629.1
5856,2026-02-17,1798,13,11,Store,2,5699.0
5857,2024-05-28,1199,6,5,Online,2,2249.1
5858,2025-08-09,1901,20,6,Online,1,71.1
5859,2025-08-01,1982,3,10,Store,2,1999.0
5860,2025-06-29,1008,4,9,Store,1,299.0
5861,2025-02-09,1433,7,2,Store,1,259.0
5862,2026-04-26,1807,23,12,Store,1,399.0
5863,2024-09-13,1455,12,12,Store,1,599.0
5864,2024-11-24,1700,7,7,Online,2,233.1
5865,2025-03-06,1122,4,2,Store,1,299.0
5866,2025-07-01,1918,23,10,Store,1,399.0
5867,2026-02-05,1540,19,10,Store,2,99.0
5868,2025-02-07,1194,4,13,Store,1,299.0
5869,2024-06-05,1180,7,11,Store,2,259.0
5870,2025-09-17,1405,21,11,Store,1,49.0
5871,2025-11-07,1938,2,2,Store,1,2999.0
5872,2025-09-08,1221,21,7,Store,2,49.0
5873,2025-03-05,1478,6,8,Store,2,2499.0
5874,2025-10-01,1749,25,1,Store,2,399.0
5875,2024-08-20,1545,24,3,Online,1,539.1
5876,2026-02-06,1812,12,13,Store,2,599.0
5877,2024-06-26,1424,3,13,Store,1,1999.0
5878,2024-06-22,1090,23,6,Store,1,399.0
5879,2026-03-04,1579,8,4,Online,2,1349.1
5880,2025-12-07,1354,14,7,Online,2,4499.1
5881,2024-09-21,1013,5,4,Store,2,3500.0
5882,2024-10-10,1636,24,14,Store,2,599.0
5883,2025-08-08,1351,22,2,Store,1,299.0
5884,2025-04-12,1779,22,11,Store,1,299.0
5885,2026-05-19,1404,19,2,Store,2,99.0
5886,2025-08-29,1091,10,10,Online,2,629.1
5887,2026-04-13,1984,1,5,Online,2,3599.1
5888,2026-05-08,1743,12,2,Online,1,539.1
5889,2025-10-28,1371,5,7,Store,1,3500.0
5890,2025-01-09,1736,16,10,Store,1,3599.0
5891,2026-05-10,1333,14,2,Online,2,4499.1
5892,2024-08-28,1797,14,1,Store,1,4999.0
5893,2026-04-21,1566,23,3,Online,1,359.1
5894,2024-10-20,1649,9,3,Store,2,1099.0
5895,2025-12-28,1150,15,14,Online,1,3689.1
5896,2024-10-21,1206,14,8,Online,2,4499.1
5897,2026-02-02,1986,16,2,Store,2,3599.0
5898,2025-12-04,1096,7,6,Store,1,259.0
5899,2024-10-07,1781,10,12,Store,2,699.0
5900,2024-12-27,1526,22,14,Online,1,269.1
5901,2025-07-23,1824,13,11,Online,2,5129.1
5902,2024-10-28,1497,8,4,Store,2,1499.0
5903,2025-12-01,1875,15,3,Store,2,4099.0
5904,2024-06-10,1769,3,3,Online,2,1799.1
5905,2025-01-17,1531,25,13,Online,2,359.1
5906,2024-09-05,1446,20,4,Online,2,71.1
5907,2025-04-29,1784,3,2,Store,1,1999.0
5908,2025-01-09,1596,11,14,Online,2,1079.1
5909,2025-01-09,1309,8,7,Store,2,1499.0
5910,2026-01-02,1404,19,7,Online,2,89.1
5911,2025-12-22,1700,21,12,Store,1,49.0
5912,2025-02-05,1325,24,10,Online,1,539.1
5913,2024-09-15,1117,10,5,Store,2,699.0
5914,2025-07-12,1268,25,7,Store,2,399.0
5915,2025-09-11,1208,11,6,Online,1,1079.1
5916,2025-02-03,1014,23,14,Store,1,399.0
5917,2025-03-12,1708,15,2,Online,2,3689.1
5918,2026-02-26,1102,12,6,Online,1,539.1
5919,2025-09-30,1203,6,7,Online,1,2249.1
5920,2025-08-03,1443,22,12,Store,2,299.0
5921,2025-01-01,1341,8,7,Online,2,1349.1
5922,2024-11-02,1122,10,10,Store,1,699.0
5923,2024-12-09,1120,18,2,Online,2,359.1
5924,2024-11-07,1824,22,6,Online,1,269.1
5925,2024-08-17,1500,2,1,Online,1,2699.1
5926,2024-09-22,1473,11,7,Online,2,1079.1
5927,2026-02-13,1788,20,6,Online,1,71.1
5928,2024-12-27,1049,8,13,Store,1,1499.0
5929,2024-10-07,1009,17,11,Store,1,2599.0
5930,2025-08-04,1560,7,8,Online,1,233.1
5931,2025-08-09,1860,4,3,Store,1,299.0
5932,2025-04-06,1486,16,3,Store,1,3599.0
5933,2025-05-08,1885,23,2,Store,2,399.0
5934,2026-05-24,1119,13,5,Store,1,5699.0
5935,2025-11-22,1026,6,11,Online,2,2249.1
5936,2026-02-19,1202,11,1,Store,2,1199.0
5937,2025-05-11,1827,13,3,Store,1,5699.0
5938,2025-03-02,1489,5,14,Store,1,3500.0
5939,2025-11-03,1645,19,13,Online,2,89.1
5940,2025-12-10,1151,25,1,Store,1,399.0
5941,2024-12-24,1730,12,2,Online,1,539.1
5942,2025-10-08,1110,15,1,Store,2,4099.0
5943,2025-02-02,1380,16,8,Store,2,3599.0
5944,2025-11-15,1582,1,6,Online,2,3599.1
5945,2024-07-19,1410,12,12,Store,1,599.0
5946,2024-05-28,1983,13,8,Store,2,5699.0
5947,2025-04-14,1123,14,9,Online,1,4499.1
5948,2025-11-29,1694,23,9,Store,1,399.0
5949,2026-04-12,1365,12,7,Store,1,599.0
5950,2025-04-19,1300,8,7,Store,2,1499.0
5951,2024-12-23,1521,18,4,Online,2,359.1
5952,2025-11-13,1055,9,11,Store,1,1099.0
5953,2025-06-16,1004,13,2,Store,2,5699.0
5954,2025-11-22,1244,16,3,Online,1,3239.1
5955,2025-01-12,1356,12,3,Online,1,539.1
5956,2026-03-15,1273,21,13,Store,1,49.0
5957,2025-01-17,1829,15,13,Store,1,4099.0
5958,2024-07-01,1037,19,12,Online,1,89.1
5959,2026-01-24,1702,8,10,Store,1,1499.0
5960,2025-04-01,1914,12,2,Online,2,539.1
5961,2026-05-23,1349,4,6,Online,1,269.1
5962,2025-09-09,1774,7,13,Store,1,259.0
5963,2025-12-11,1598,9,12,Store,1,1099.0
5964,2025-08-25,1048,23,4,Store,1,399.0
5965,2025-06-30,1466,19,14,Store,2,99.0
5966,2024-12-02,1731,22,1,Store,1,299.0
5967,2024-10-17,1868,1,11,Online,1,3599.1
5968,2024-06-15,1980,19,6,Online,2,89.1
5969,2026-05-13,1722,20,5,Online,1,71.1
5970,2026-01-08,1412,25,12,Online,2,359.1
5971,2025-10-10,1612,5,5,Store,2,3500.0
5972,2025-06-20,1905,25,13,Store,1,399.0
5973,2024-11-09,1705,12,5,Online,2,539.1
5974,2024-11-12,1605,9,5,Online,1,989.1
5975,2025-12-12,1410,22,12,Online,2,269.1
5976,2024-08-22,1029,18,8,Store,2,399.0
5977,2025-01-21,1699,4,1,Online,2,269.1
5978,2025-11-22,1061,2,4,Store,2,2999.0
5979,2026-02-09,1090,22,2,Store,1,299.0
5980,2025-10-27,1033,10,12,Online,1,629.1
5981,2026-04-20,1979,9,4,Online,2,989.1
5982,2026-04-04,1584,1,1,Online,2,3599.1
5983,2025-04-12,1835,19,2,Store,2,99.0
5984,2025-05-04,1303,5,12,Online,1,3150.0
5985,2025-07-18,1003,16,4,Store,2,3599.0
5986,2026-04-12,1500,7,7,Store,2,259.0
5987,2026-02-03,1130,4,4,Online,2,269.1
5988,2024-11-13,1268,11,1,Store,1,1199.0
5989,2025-09-09,1342,8,7,Online,2,1349.1
5990,2024-12-14,1930,1,14,Store,2,3999.0
5991,2024-07-10,1506,25,7,Store,2,399.0
5992,2025-07-20,1450,25,14,Online,1,359.1
5993,2026-03-16,1702,21,11,Online,2,44.1
5994,2024-07-10,1218,7,9,Online,2,233.1
5995,2025-07-30,1003,11,8,Online,2,1079.1
5996,2025-09-26,1159,7,5,Online,1,233.1
5997,2025-01-26,1891,15,4,Store,1,4099.0
5998,2025-11-28,1672,11,6,Store,1,1199.0
5999,2024-11-26,1275,22,7,Online,2,269.1
6000,2025-05-31,1248,16,11,Online,2,3239.1
6001,2024-09-24,1218,5,7,Online,1,3150.0
6002,2025-09-04,1079,14,8,Online,1,4499.1
6003,2026-01-27,1065,23,8,Online,1,359.1
6004,2024-11-20,1354,19,7,Store,1,99.0
6005,2025-09-05,1837,7,1,Store,2,259.0
6006,2025-10-03,1028,19,7,Online,1,89.1
6007,2026-01-14,1631,14,5,Store,2,4999.0
6008,2024-10-14,1460,1,13,Online,1,3599.1
6009,2024-06-07,1692,24,3,Online,1,539.1
6010,2026-03-04,1941,4,5,Store,2,299.0
6011,2026-02-04,1768,6,8,Store,1,2499.0
6012,2025-11-04,1501,16,12,Store,1,3599.0
6013,2025-03-16,1423,3,6,Store,2,1999.0
6014,2024-11-29,1672,18,12,Online,2,359.1
6015,2024-12-08,1671,17,9,Store,2,2599.0
6016,2025-04-19,1917,8,9,Store,2,1499.0
6017,2025-07-24,1186,18,12,Store,2,399.0
6018,2025-09-29,1766,18,5,Store,1,399.0
6019,2025-10-31,1774,14,1,Online,2,4499.1
6020,2024-08-10,1442,7,4,Online,2,233.1
6021,2025-02-15,1435,5,1,Store,1,3500.0
6022,2025-03-07,1501,18,11,Online,2,359.1
6023,2026-04-23,1914,13,7,Online,1,5129.1
6024,2024-06-28,1167,10,3,Online,2,629.1
6025,2025-02-17,1401,13,5,Store,1,5699.0
6026,2026-05-02,1345,1,8,Store,2,3999.0
6027,2026-04-20,1947,17,7,Store,2,2599.0
6028,2025-08-20,1496,25,9,Online,1,359.1
6029,2025-12-31,1571,1,14,Store,2,3999.0
6030,2025-09-05,1476,22,13,Store,1,299.0
6031,2024-06-24,1280,20,4,Online,2,71.1
6032,2025-11-10,1785,16,2,Online,1,3239.1
6033,2025-06-19,1143,6,8,Online,1,2249.1
6034,2024-08-12,1630,23,3,Online,1,359.1
6035,2025-01-26,1753,7,12,Online,1,233.1
6036,2026-02-21,1710,12,3,Store,1,599.0
6037,2024-12-12,1577,16,4,Online,2,3239.1
6038,2025-01-04,1349,11,10,Online,1,1079.1
6039,2024-07-03,1716,14,11,Store,2,4999.0
6040,2024-10-07,1411,15,13,Online,1,3689.1
6041,2026-05-11,1598,22,11,Store,1,299.0
6042,2025-06-06,1101,11,14,Store,1,1199.0
6043,2026-01-29,1063,20,10,Store,2,79.0
6044,2025-03-17,1276,5,4,Store,1,3500.0
6045,2025-01-14,1801,6,11,Store,1,2499.0
6046,2024-07-29,1664,20,3,Online,1,71.1
6047,2025-02-28,1834,21,14,Store,1,49.0
6048,2024-10-12,1656,4,4,Online,1,269.1
6049,2026-04-11,1747,9,1,Store,2,1099.0
6050,2025-06-26,1127,3,8,Online,1,1799.1
6051,2024-12-06,1941,20,8,Store,1,79.0
6052,2025-07-06,1316,9,11,Online,2,989.1
6053,2025-09-08,1047,1,4,Store,2,3999.0
6054,2025-10-30,1416,6,8,Online,1,2249.1
6055,2025-09-28,1547,22,3,Online,2,269.1
6056,2024-11-19,1377,5,7,Store,1,3500.0
6057,2025-07-27,1195,23,5,Store,1,399.0
6058,2024-12-15,1939,21,14,Online,1,44.1
6059,2026-01-20,1941,9,11,Online,2,989.1
6060,2025-06-08,1089,17,9,Store,2,2599.0
6061,2025-02-13,1217,19,9,Online,2,89.1
6062,2025-12-16,1235,14,3,Store,1,4999.0
6063,2025-03-13,1085,24,1,Store,2,599.0
6064,2024-10-17,1671,14,2,Store,1,4999.0
6065,2026-05-07,1026,18,13,Online,1,359.1
6066,2024-09-28,1452,24,2,Online,1,539.1
6067,2024-12-07,1147,12,8,Store,1,599.0
6068,2024-07-10,1438,25,10,Online,2,359.1
6069,2025-01-16,1651,23,11,Store,1,399.0
6070,2024-10-23,1177,10,6,Store,2,699.0
6071,2024-12-30,1067,8,14,Online,1,1349.1
6072,2024-12-23,1629,8,6,Online,1,1349.1
6073,2025-11-04,1587,18,10,Store,2,399.0
6074,2024-06-17,1679,5,1,Online,1,3150.0
6075,2025-12-10,1773,15,13,Online,1,3689.1
6076,2026-02-08,1431,12,5,Store,2,599.0
6077,2026-03-16,1635,10,4,Store,1,699.0
6078,2025-08-11,1903,13,7,Online,2,5129.1
6079,2025-01-21,1319,22,6,Online,2,269.1
6080,2025-04-13,1391,20,2,Store,1,79.0
6081,2026-03-09,1964,24,8,Store,2,599.0
6082,2025-11-06,1990,22,11,Online,1,269.1
6083,2025-12-27,1354,3,6,Store,2,1999.0
6084,2025-01-02,1104,1,5,Online,1,3599.1
6085,2024-07-10,1119,21,5,Online,2,44.1
6086,2026-01-01,1606,14,1,Store,2,4999.0
6087,2026-02-08,1236,17,8,Store,2,2599.0
6088,2025-05-22,1079,23,8,Store,1,399.0
6089,2025-07-08,1968,13,4,Store,2,5699.0
6090,2025-12-13,1447,1,13,Online,1,3599.1
6091,2026-02-10,1507,22,13,Store,1,299.0
6092,2024-11-21,1961,9,8,Store,2,1099.0
6093,2025-02-20,1174,11,11,Store,2,1199.0
6094,2026-05-05,1449,6,1,Online,1,2249.1
6095,2024-08-21,1956,24,10,Online,2,539.1
6096,2025-02-20,1861,15,14,Online,2,3689.1
6097,2026-01-14,1543,5,4,Online,2,3150.0
6098,2025-07-08,1579,4,11,Store,2,299.0
6099,2025-09-04,1829,22,5,Online,2,269.1
6100,2024-12-20,1627,9,7,Online,2,989.1
6101,2025-11-26,1663,6,9,Online,1,2249.1
6102,2025-02-17,1193,18,14,Store,2,399.0
6103,2024-11-08,1209,7,2,Store,1,259.0
6104,2026-05-16,1467,15,11,Online,2,3689.1
6105,2026-02-16,1340,8,12,Online,2,1349.1
6106,2025-11-15,1231,12,14,Online,1,539.1
6107,2025-10-22,1311,2,12,Online,2,2699.1
6108,2026-04-04,1946,17,6,Online,2,2339.1
6109,2025-08-06,1086,23,7,Store,2,399.0
6110,2024-12-26,1420,25,11,Store,2,399.0
6111,2025-03-01,1636,19,14,Online,2,89.1
6112,2025-06-11,1499,24,8,Store,1,599.0
6113,2024-06-22,1052,10,1,Online,1,629.1
6114,2025-08-24,1443,5,5,Online,1,3150.0
6115,2025-01-29,1968,14,5,Online,1,4499.1
6116,2024-09-05,1954,17,7,Online,2,2339.1
6117,2024-07-20,1726,16,9,Online,2,3239.1
6118,2024-11-12,1967,14,12,Online,2,4499.1
6119,2026-01-07,1383,24,11,Store,1,599.0
6120,2026-04-03,1659,12,4,Online,1,539.1
6121,2025-12-16,1160,7,1,Online,2,233.1
6122,2026-03-27,1439,14,12,Store,1,4999.0
6123,2026-02-06,1299,9,6,Online,1,989.1
6124,2024-06-23,1208,2,2,Store,2,2999.0
6125,2025-10-25,1293,23,12,Store,1,399.0
6126,2025-05-01,1395,21,3,Store,2,49.0
6127,2024-10-10,1552,24,3,Store,2,599.0
6128,2024-08-31,1205,9,10,Online,1,989.1
6129,2024-11-19,1530,1,11,Store,1,3999.0
6130,2025-08-23,1869,9,13,Online,1,989.1
6131,2025-11-20,1556,4,4,Store,2,299.0
6132,2024-10-04,1276,24,6,Online,2,539.1
6133,2024-11-03,1330,25,4,Store,2,399.0
6134,2025-03-23,1723,19,13,Store,2,99.0
6135,2025-06-07,1172,10,7,Online,1,629.1
6136,2025-08-15,1961,23,4,Store,2,399.0
6137,2025-12-19,1802,20,1,Online,2,71.1
6138,2024-09-09,1584,22,6,Store,1,299.0
6139,2025-07-30,1669,10,2,Online,2,629.1
6140,2025-07-25,1128,8,2,Store,2,1499.0
6141,2025-01-16,1010,11,4,Store,1,1199.0
6142,2024-08-22,1117,9,14,Store,2,1099.0
6143,2025-12-12,1260,24,2,Store,1,599.0
6144,2024-08-16,1933,13,12,Store,1,5699.0
6145,2025-07-23,1843,5,8,Store,1,3500.0
6146,2025-10-22,1131,10,4,Online,2,629.1
6147,2025-08-14,1585,8,3,Online,2,1349.1
6148,2026-04-29,1086,24,4,Online,2,539.1
6149,2026-05-11,1458,18,11,Store,2,399.0
6150,2024-12-05,1262,22,11,Store,1,299.0
6151,2024-08-23,1140,10,4,Store,2,699.0
6152,2025-09-22,1652,16,12,Store,1,3599.0
6153,2024-08-06,1084,19,7,Online,1,89.1
6154,2025-04-28,1007,25,14,Store,2,399.0
6155,2026-04-04,1334,8,6,Online,2,1349.1
6156,2024-10-07,1771,13,6,Store,2,5699.0
6157,2025-12-21,1467,12,11,Store,1,599.0
6158,2025-06-01,1441,5,13,Store,2,3500.0
6159,2025-03-21,1676,3,3,Online,1,1799.1
6160,2025-05-04,1367,11,6,Store,1,1199.0
6161,2024-08-08,1354,19,9,Online,2,89.1
6162,2025-01-20,1062,15,4,Store,2,4099.0
6163,2025-04-03,1615,24,6,Online,1,539.1
6164,2025-07-23,1589,18,4,Online,2,359.1
6165,2024-11-07,1287,13,12,Store,1,5699.0
6166,2025-08-05,1066,21,14,Store,1,49.0
6167,2025-03-24,1563,23,9,Online,2,359.1
6168,2025-03-25,1661,24,8,Online,1,539.1
6169,2026-04-09,1392,16,13,Online,1,3239.1
6170,2024-08-20,1372,19,9,Online,1,89.1
6171,2026-02-06,1413,16,8,Online,2,3239.1
6172,2025-06-15,1990,1,11,Store,1,3999.0
6173,2026-05-20,1309,18,10,Online,2,359.1
6174,2026-02-01,1109,25,3,Store,2,399.0
6175,2026-01-17,1437,9,4,Store,1,1099.0
6176,2024-06-30,1320,4,13,Store,1,299.0
6177,2025-12-13,1368,6,14,Store,2,2499.0
6178,2024-11-14,1854,6,2,Online,2,2249.1
6179,2024-09-15,1902,11,6,Store,2,1199.0
6180,2024-08-22,1293,6,14,Online,2,2249.1
6181,2026-02-09,1274,13,3,Store,1,5699.0
6182,2026-02-08,1079,3,8,Store,2,1999.0
6183,2025-01-05,1878,5,1,Store,1,3500.0
6184,2024-11-10,1694,25,12,Store,1,399.0
6185,2026-03-05,1624,22,8,Store,2,299.0
6186,2025-12-04,1995,12,4,Online,2,539.1
6187,2025-07-04,1586,13,9,Online,1,5129.1
6188,2025-01-29,1805,15,3,Store,2,4099.0
6189,2025-05-20,1362,7,2,Online,1,233.1
6190,2025-04-12,1727,14,11,Store,1,4999.0
6191,2025-09-24,1639,1,2,Online,1,3599.1
6192,2024-07-29,1800,17,6,Online,2,2339.1
6193,2025-03-29,1693,6,12,Store,1,2499.0
6194,2026-05-02,1163,24,3,Online,1,539.1
6195,2025-12-21,1175,22,3,Online,2,269.1
6196,2025-08-04,1081,9,5,Online,2,989.1
6197,2025-05-21,1683,4,1,Store,2,299.0
6198,2024-11-15,1727,24,9,Online,1,539.1
6199,2024-10-05,1763,1,14,Online,1,3599.1
6200,2024-06-28,1462,8,10,Online,2,1349.1
6201,2025-07-28,1076,21,11,Online,1,44.1
6202,2024-10-28,1817,19,1,Store,1,99.0
6203,2025-08-25,1318,12,10,Online,2,539.1
6204,2024-06-08,1295,4,14,Store,2,299.0
6205,2026-02-05,1737,13,9,Store,1,5699.0
6206,2025-09-15,1795,20,4,Online,1,71.1
6207,2026-01-14,1138,1,8,Store,1,3999.0
6208,2024-10-25,1439,10,2,Store,1,699.0
6209,2025-08-19,1535,8,3,Online,1,1349.1
6210,2024-11-13,1401,6,1,Online,2,2249.1
6211,2025-10-06,1058,1,12,Store,2,3999.0
6212,2025-05-23,1319,8,3,Online,1,1349.1
6213,2024-06-03,1528,9,14,Online,1,989.1
6214,2026-02-19,1568,12,7,Store,2,599.0
6215,2025-10-22,1189,6,5,Online,2,2249.1
6216,2026-03-28,1529,9,11,Store,2,1099.0
6217,2024-08-21,1763,10,4,Store,1,699.0
6218,2025-02-19,1088,3,14,Store,2,1999.0
6219,2024-12-26,1386,17,7,Store,1,2599.0
6220,2025-05-09,1786,3,11,Online,1,1799.1
6221,2025-10-02,1702,17,1,Online,2,2339.1
6222,2024-07-11,1054,2,7,Store,1,2999.0
6223,2025-04-18,1469,3,11,Store,1,1999.0
6224,2026-05-02,1270,3,13,Store,2,1999.0
6225,2024-06-27,1382,12,14,Online,2,539.1
6226,2025-05-14,1255,4,9,Store,1,299.0
6227,2024-09-05,1940,24,11,Store,1,599.0
6228,2024-06-28,1557,15,2,Store,2,4099.0
6229,2026-03-15,1549,12,2,Store,1,599.0
6230,2026-05-25,1615,13,6,Store,1,5699.0
6231,2024-07-10,1176,18,3,Online,2,359.1
6232,2026-05-09,1101,12,10,Online,2,539.1
6233,2025-10-07,1991,16,10,Store,1,3599.0
6234,2025-04-29,1015,24,7,Online,1,539.1
6235,2024-07-04,1858,19,13,Store,2,99.0
6236,2024-11-11,1757,4,11,Store,1,299.0
6237,2024-06-04,1490,13,11,Store,2,5699.0
6238,2024-07-19,1305,5,9,Online,1,3150.0
6239,2025-09-23,1107,8,10,Store,2,1499.0
6240,2024-08-27,1854,24,5,Online,2,539.1
6241,2025-09-20,1878,20,13,Online,1,71.1
6242,2025-08-02,1161,19,9,Online,1,89.1
6243,2024-07-18,1690,17,11,Store,2,2599.0
6244,2025-07-11,1010,19,2,Online,2,89.1
6245,2024-06-26,1622,1,1,Online,1,3599.1
6246,2025-08-20,1127,7,8,Online,1,233.1
6247,2024-06-01,1363,5,8,Online,1,3150.0
6248,2026-01-15,1850,13,3,Store,2,5699.0
6249,2025-06-25,1485,2,6,Store,2,2999.0
6250,2026-01-06,1945,15,9,Online,1,3689.1
6251,2026-01-07,1965,21,13,Online,2,44.1
6252,2025-11-18,1616,10,12,Store,2,699.0
6253,2024-12-02,1265,20,8,Online,2,71.1
6254,2025-02-05,1239,21,4,Store,2,49.0
6255,2024-07-27,1094,22,14,Store,1,299.0
6256,2025-07-02,1045,3,7,Store,1,1999.0
6257,2025-09-15,1398,7,9,Online,2,233.1
6258,2026-04-26,1570,9,7,Store,2,1099.0
6259,2025-07-22,1215,3,6,Store,1,1999.0
6260,2025-08-01,1912,5,6,Online,2,3150.0
6261,2024-12-05,1083,21,9,Store,1,49.0
6262,2024-10-01,1820,17,4,Store,2,2599.0
6263,2025-07-28,1447,2,6,Online,1,2699.1
6264,2024-10-28,1129,10,4,Online,1,629.1
6265,2024-08-17,1380,1,1,Store,2,3999.0
6266,2025-05-02,1868,21,1,Online,2,44.1
6267,2024-10-30,1541,13,1,Store,2,5699.0
6268,2025-07-11,1286,20,6,Online,1,71.1
6269,2026-04-14,1951,2,12,Online,1,2699.1
6270,2025-09-11,1021,13,3,Online,2,5129.1
6271,2024-06-14,1697,6,3,Online,1,2249.1
6272,2025-08-31,1109,12,1,Store,1,599.0
6273,2024-09-09,1354,6,8,Online,1,2249.1
6274,2026-01-11,1371,10,2,Online,2,629.1
6275,2025-04-10,1655,11,4,Store,1,1199.0
6276,2025-05-29,1369,22,5,Online,1,269.1
6277,2026-03-12,1111,1,2,Online,1,3599.1
6278,2024-06-29,1204,23,8,Store,1,399.0
6279,2025-03-25,1353,4,11,Online,1,269.1
6280,2024-06-18,2000,7,6,Store,1,259.0
6281,2024-07-01,1418,23,9,Online,2,359.1
6282,2025-06-03,1051,16,7,Online,1,3239.1
6283,2026-02-23,1847,15,5,Store,2,4099.0
6284,2025-05-02,1812,20,8,Store,1,79.0
6285,2024-10-09,1989,10,12,Online,2,629.1
6286,2025-04-09,1641,24,11,Online,2,539.1
6287,2024-12-14,1897,19,1,Store,2,99.0
6288,2025-10-22,1330,9,9,Store,2,1099.0
6289,2025-03-20,1940,3,4,Online,2,1799.1
6290,2025-10-01,1780,4,10,Store,1,299.0
6291,2026-02-27,1432,12,9,Online,2,539.1
6292,2025-02-25,1287,23,4,Store,2,399.0
6293,2025-06-30,1256,15,3,Store,1,4099.0
6294,2025-07-26,1045,10,6,Online,1,629.1
6295,2024-12-29,1556,7,13,Online,1,233.1
6296,2024-08-25,1616,8,8,Online,1,1349.1
6297,2024-11-17,1895,11,12,Store,2,1199.0
6298,2025-09-27,1263,17,3,Online,1,2339.1
6299,2024-10-02,1780,1,4,Store,2,3999.0
6300,2024-06-15,1260,24,4,Store,2,599.0
6301,2024-07-13,1206,4,7,Online,1,269.1
6302,2025-02-23,1563,22,4,Online,2,269.1
6303,2026-02-05,1102,13,7,Store,1,5699.0
6304,2025-08-18,1854,20,4,Online,1,71.1
6305,2024-07-31,1303,15,6,Store,2,4099.0
6306,2025-09-17,1322,9,5,Store,1,1099.0
6307,2024-07-27,1707,4,7,Store,2,299.0
6308,2026-05-26,1227,20,12,Online,1,71.1
6309,2025-10-13,1979,6,7,Store,1,2499.0
6310,2024-09-02,1251,22,8,Store,2,299.0
6311,2024-07-13,1286,12,9,Store,2,599.0
6312,2025-09-18,1670,15,14,Online,1,3689.1
6313,2025-04-16,1123,24,7,Online,2,539.1
6314,2025-06-15,1923,5,14,Online,2,3150.0
6315,2024-11-19,1494,11,5,Online,1,1079.1
6316,2024-07-04,1258,6,3,Store,2,2499.0
6317,2024-10-18,1125,7,5,Online,1,233.1
6318,2024-07-31,1825,5,6,Online,2,3150.0
6319,2024-08-20,1260,21,11,Online,2,44.1
6320,2025-09-22,1490,17,12,Store,2,2599.0
6321,2025-05-24,1890,23,10,Store,1,399.0
6322,2026-01-27,1816,18,2,Online,2,359.1
6323,2025-09-20,1776,2,12,Store,1,2999.0
6324,2025-10-26,1544,18,7,Online,2,359.1
6325,2025-01-23,1685,10,3,Store,1,699.0
6326,2025-11-24,1063,19,5,Store,2,99.0
6327,2025-12-28,1844,14,2,Online,2,4499.1
6328,2024-07-15,1968,18,10,Online,2,359.1
6329,2025-04-16,1754,1,4,Online,1,3599.1
6330,2025-10-30,1822,24,3,Store,2,599.0
6331,2025-05-14,1696,22,3,Online,2,269.1
6332,2025-07-04,1382,23,6,Online,1,359.1
6333,2025-04-03,1318,12,10,Store,1,599.0
6334,2025-02-15,1117,3,3,Online,1,1799.1
6335,2025-11-03,1102,24,10,Online,1,539.1
6336,2024-09-09,1503,3,7,Online,2,1799.1
6337,2026-05-13,1305,25,1,Store,1,399.0
6338,2025-03-23,1448,21,10,Online,1,44.1
6339,2025-04-23,1164,17,2,Online,2,2339.1
6340,2025-02-28,1497,14,9,Store,1,4999.0
6341,2025-05-29,1258,4,2,Online,2,269.1
6342,2025-08-30,1160,11,14,Online,1,1079.1
6343,2024-06-27,1678,23,3,Store,1,399.0
6344,2024-09-03,1513,2,14,Online,2,2699.1
6345,2025-07-03,1951,20,8,Store,2,79.0
6346,2024-11-18,1925,8,8,Store,1,1499.0
6347,2025-03-27,1636,6,11,Online,2,2249.1
6348,2024-08-04,1019,10,1,Store,2,699.0
6349,2024-08-31,1246,21,6,Online,1,44.1
6350,2024-06-26,1788,19,10,Store,2,99.0
6351,2026-01-03,1550,15,4,Online,1,3689.1
6352,2025-02-18,1133,13,4,Online,1,5129.1
6353,2025-08-21,1177,14,1,Online,1,4499.1
6354,2024-08-12,1674,7,2,Store,1,259.0
6355,2025-06-29,1211,22,1,Store,2,299.0
6356,2024-12-04,1280,13,7,Online,2,5129.1
6357,2024-12-30,1803,13,9,Online,2,5129.1
6358,2025-10-06,1692,1,7,Online,1,3599.1
6359,2024-11-14,1209,2,6,Store,2,2999.0
6360,2025-12-26,1289,25,11,Online,1,359.1
6361,2025-12-22,1025,24,9,Online,2,539.1
6362,2024-10-25,1010,1,2,Store,2,3999.0
6363,2025-06-14,1105,9,1,Online,2,989.1
6364,2025-08-27,1870,23,11,Store,1,399.0
6365,2024-06-12,1401,13,8,Store,2,5699.0
6366,2025-04-22,1667,19,11,Online,1,89.1
6367,2025-01-29,1281,17,1,Online,1,2339.1
6368,2025-11-26,1617,13,4,Store,2,5699.0
6369,2024-10-29,1994,20,3,Online,1,71.1
6370,2024-10-19,1472,17,3,Online,2,2339.1
6371,2025-05-17,1835,3,10,Store,2,1999.0
6372,2024-07-20,1001,5,7,Online,2,3150.0
6373,2025-05-24,1338,16,8,Store,1,3599.0
6374,2026-05-26,1361,5,9,Store,1,3500.0
6375,2025-09-18,1435,18,4,Store,1,399.0
6376,2025-07-17,1323,12,4,Store,1,599.0
6377,2024-12-21,1095,12,11,Store,1,599.0
6378,2026-01-10,1790,22,4,Store,2,299.0
6379,2025-06-04,1188,16,14,Online,2,3239.1
6380,2026-02-25,1161,22,12,Store,2,299.0
6381,2025-03-08,1369,19,7,Store,2,99.0
6382,2025-05-11,1317,5,11,Online,1,3150.0
6383,2026-01-17,1298,3,6,Store,1,1999.0
6384,2025-08-16,1473,20,6,Online,2,71.1
6385,2025-08-16,1821,25,3,Store,2,399.0
6386,2026-05-11,1051,24,6,Online,1,539.1
6387,2025-03-26,1608,12,10,Store,1,599.0
6388,2025-01-24,1404,19,4,Store,1,99.0
6389,2026-04-15,1667,11,4,Online,1,1079.1
6390,2025-12-23,1296,17,5,Online,1,2339.1
6391,2025-01-03,1007,15,13,Online,2,3689.1
6392,2026-02-27,1899,16,3,Online,1,3239.1
6393,2024-08-04,1055,16,2,Store,2,3599.0
6394,2025-11-18,1206,4,14,Store,2,299.0
6395,2024-10-24,1227,17,6,Store,2,2599.0
6396,2025-08-15,1423,17,13,Store,2,2599.0
6397,2025-02-13,1779,9,13,Store,1,1099.0
6398,2024-06-14,1355,21,8,Online,2,44.1
6399,2025-11-10,1960,3,10,Store,1,1999.0
6400,2026-03-05,1753,19,5,Online,2,89.1
6401,2024-09-08,1223,11,12,Online,2,1079.1
6402,2025-05-07,1636,19,14,Online,1,89.1
6403,2025-06-04,1487,24,12,Store,1,599.0
6404,2024-12-16,1248,4,8,Online,2,269.1
6405,2026-02-16,1717,22,7,Store,1,299.0
6406,2024-12-08,1108,10,8,Store,2,699.0
6407,2025-02-12,1961,15,12,Online,1,3689.1
6408,2024-07-30,1042,12,10,Store,2,599.0
6409,2025-05-04,1171,9,7,Store,2,1099.0
6410,2024-08-04,1723,21,1,Online,2,44.1
6411,2025-09-21,1749,4,7,Store,2,299.0
6412,2025-12-18,1767,24,12,Store,1,599.0
6413,2025-05-10,1329,10,6,Online,1,629.1
6414,2024-06-21,1766,11,10,Online,2,1079.1
6415,2026-03-20,1707,6,1,Online,2,2249.1
6416,2026-02-16,1371,8,6,Online,1,1349.1
6417,2025-09-20,1560,12,10,Online,1,539.1
6418,2025-09-17,1502,16,5,Online,2,3239.1
6419,2025-03-16,1939,16,13,Store,2,3599.0
6420,2025-06-20,1864,19,13,Store,1,99.0
6421,2024-11-09,1745,12,3,Store,1,599.0
6422,2024-12-16,1840,23,1,Online,2,359.1
6423,2025-10-14,1664,25,11,Store,1,399.0
6424,2026-01-03,1916,11,8,Store,2,1199.0
6425,2025-08-30,1057,21,6,Store,1,49.0
6426,2024-05-26,1675,9,13,Store,2,1099.0
6427,2024-08-03,1388,8,1,Store,1,1499.0
6428,2026-04-17,1404,23,11,Online,1,359.1
6429,2026-01-07,1393,4,11,Store,2,299.0
6430,2025-02-26,1973,4,5,Store,2,299.0
6431,2025-11-18,1168,8,3,Online,2,1349.1
6432,2025-08-13,1750,25,12,Online,1,359.1
6433,2026-03-21,1871,5,13,Store,1,3500.0
6434,2026-02-10,1203,19,1,Online,2,89.1
6435,2025-11-14,1539,14,2,Store,2,4999.0
6436,2025-10-13,1106,11,1,Online,1,1079.1
6437,2025-05-29,1860,8,9,Store,2,1499.0
6438,2025-08-22,1184,2,10,Store,2,2999.0
6439,2025-11-15,1148,11,1,Store,2,1199.0
6440,2024-06-18,1545,1,9,Store,1,3999.0
6441,2025-12-28,1501,11,5,Store,1,1199.0
6442,2025-07-25,1089,6,2,Online,2,2249.1
6443,2024-11-29,1967,22,1,Store,1,299.0
6444,2024-09-19,1945,1,8,Store,2,3999.0
6445,2025-01-09,1924,14,6,Online,2,4499.1
6446,2025-07-20,1607,2,5,Online,2,2699.1
6447,2025-09-21,1689,18,8,Store,1,399.0
6448,2024-06-10,1278,3,6,Online,2,1799.1
6449,2026-02-11,1067,5,14,Store,2,3500.0
6450,2024-07-18,1227,17,3,Store,1,2599.0
6451,2025-05-02,1332,1,1,Online,2,3599.1
6452,2025-11-07,1091,12,10,Online,1,539.1
6453,2024-10-11,1887,4,1,Online,2,269.1
6454,2024-09-15,1814,5,8,Store,2,3500.0
6455,2024-12-23,1656,1,11,Store,2,3999.0
6456,2025-01-25,1695,17,9,Online,2,2339.1
6457,2024-06-22,1080,12,1,Online,1,539.1
6458,2025-09-11,1276,18,6,Store,1,399.0
6459,2025-09-26,1787,12,13,Store,2,599.0
6460,2026-05-01,1405,7,13,Online,1,233.1
6461,2025-03-21,1030,10,14,Store,2,699.0
6462,2025-07-03,1736,8,10,Store,1,1499.0
6463,2025-02-16,1159,8,9,Store,1,1499.0
6464,2025-10-14,1178,8,6,Online,2,1349.1
6465,2025-08-14,1288,25,12,Store,2,399.0
6466,2024-07-02,1351,2,6,Store,1,2999.0
6467,2025-04-03,1339,22,2,Online,2,269.1
6468,2026-04-29,1862,18,6,Online,2,359.1
6469,2025-04-13,1771,10,10,Store,2,699.0
6470,2024-11-01,1485,8,1,Store,2,1499.0
6471,2025-10-29,1651,8,11,Online,1,1349.1
6472,2024-07-08,1626,3,5,Store,2,1999.0
6473,2026-05-24,1653,11,7,Store,2,1199.0
6474,2026-02-03,1207,19,8,Store,1,99.0
6475,2025-02-21,1215,1,14,Store,2,3999.0
6476,2024-10-06,1447,25,10,Store,1,399.0
6477,2024-06-16,1272,24,3,Online,1,539.1
6478,2024-11-04,1320,1,14,Store,2,3999.0
6479,2025-11-24,1864,17,3,Online,1,2339.1
6480,2025-04-24,1602,9,1,Online,2,989.1
6481,2026-02-08,1748,19,7,Store,2,99.0
6482,2026-04-15,1106,4,5,Store,2,299.0
6483,2025-12-17,1370,4,5,Online,2,269.1
6484,2026-01-24,1117,6,5,Online,1,2249.1
6485,2025-10-27,1945,9,14,Online,1,989.1
6486,2025-12-14,1338,23,4,Store,1,399.0
6487,2025-08-16,1150,25,10,Store,2,399.0
6488,2025-05-22,1299,11,7,Store,1,1199.0
6489,2024-09-20,1019,10,8,Store,1,699.0
6490,2025-01-28,1567,14,7,Online,2,4499.1
6491,2025-08-10,1452,5,4,Online,2,3150.0
6492,2025-03-04,1734,20,1,Online,1,71.1
6493,2024-06-20,1930,9,6,Store,2,1099.0
6494,2024-10-13,1897,24,9,Online,1,539.1
6495,2025-03-31,1336,2,6,Online,2,2699.1
6496,2024-07-21,1520,3,5,Store,1,1999.0
6497,2025-01-18,1836,6,14,Store,1,2499.0
6498,2026-03-26,1560,20,1,Online,2,71.1
6499,2025-08-11,1778,9,10,Online,2,989.1
6500,2026-03-31,1198,20,1,Store,1,79.0
6501,2026-02-05,1810,22,13,Online,2,269.1
6502,2026-04-03,1829,5,11,Online,1,3150.0
6503,2025-05-28,1063,21,11,Online,2,44.1
6504,2025-03-05,1298,17,12,Store,1,2599.0
6505,2024-07-07,1323,6,2,Store,2,2499.0
6506,2025-07-27,1133,16,4,Online,1,3239.1
6507,2024-11-24,1637,25,9,Online,1,359.1
6508,2025-11-10,1797,24,8,Store,2,599.0
6509,2025-01-13,1255,24,7,Online,1,539.1
6510,2024-11-15,1978,1,3,Store,2,3999.0
6511,2025-04-27,1592,21,1,Store,2,49.0
6512,2026-03-15,1766,23,4,Store,1,399.0
6513,2024-08-01,1015,22,4,Online,2,269.1
6514,2025-01-15,1599,6,13,Online,2,2249.1
6515,2024-07-27,1625,9,14,Online,1,989.1
6516,2024-07-16,1980,25,7,Store,2,399.0
6517,2024-07-30,1549,23,9,Store,1,399.0
6518,2024-12-17,1221,14,1,Store,2,4999.0
6519,2025-07-04,1077,7,1,Online,1,233.1
6520,2024-06-15,1745,4,7,Online,1,269.1
6521,2024-07-10,1546,6,4,Online,1,2249.1
6522,2025-06-07,1039,23,13,Store,2,399.0
6523,2025-05-27,1835,18,13,Store,1,399.0
6524,2025-02-06,1720,23,9,Online,2,359.1
6525,2024-11-16,1235,11,2,Store,1,1199.0
6526,2024-09-22,1974,17,7,Store,1,2599.0
6527,2024-10-09,1665,11,2,Online,2,1079.1
6528,2025-12-25,1645,8,2,Online,2,1349.1
6529,2024-09-26,1939,5,9,Online,1,3150.0
6530,2025-12-03,1331,15,13,Online,1,3689.1
6531,2024-08-30,1904,7,3,Online,2,233.1
6532,2025-10-19,1243,20,2,Store,2,79.0
6533,2026-04-30,1413,19,11,Online,2,89.1
6534,2024-08-22,1733,2,3,Online,2,2699.1
6535,2025-02-16,1301,22,2,Online,2,269.1
6536,2024-11-28,2000,24,14,Store,1,599.0
6537,2025-01-13,1943,17,4,Online,1,2339.1
6538,2024-06-14,1473,22,13,Store,1,299.0
6539,2025-09-27,1464,6,13,Store,2,2499.0
6540,2024-09-26,1196,12,2,Online,1,539.1
6541,2024-11-23,1442,3,13,Store,1,1999.0
6542,2025-04-25,1554,18,7,Store,1,399.0
6543,2025-03-28,1829,3,3,Online,2,1799.1
6544,2024-12-17,1491,4,2,Store,2,299.0
6545,2025-09-21,1004,20,5,Online,1,71.1
6546,2024-07-21,1741,22,5,Store,1,299.0
6547,2024-06-23,1235,1,10,Online,2,3599.1
6548,2024-09-11,1825,25,7,Store,1,399.0
6549,2025-04-12,1053,23,11,Store,1,399.0
6550,2024-06-12,1174,1,4,Online,2,3599.1
6551,2024-11-28,1425,25,9,Online,1,359.1
6552,2024-12-15,1233,20,12,Online,2,71.1
6553,2024-06-27,1846,1,3,Store,2,3999.0
6554,2025-08-02,1602,17,11,Online,1,2339.1
6555,2025-01-24,1466,11,12,Online,2,1079.1
6556,2025-11-01,1697,9,14,Online,1,989.1
6557,2025-08-07,1219,14,6,Store,1,4999.0
6558,2024-09-05,1429,5,14,Store,1,3500.0
6559,2025-10-25,1730,5,13,Store,2,3500.0
6560,2025-11-25,1613,1,4,Store,1,3999.0
6561,2025-11-10,1822,17,1,Online,2,2339.1
6562,2025-10-05,1186,11,3,Online,1,1079.1
6563,2024-08-13,1369,23,9,Online,1,359.1
6564,2026-01-31,1557,11,12,Online,2,1079.1
6565,2025-02-09,1730,4,12,Store,1,299.0
6566,2025-09-23,1087,8,10,Online,1,1349.1
6567,2025-03-30,1594,14,1,Online,2,4499.1
6568,2024-07-07,1079,20,6,Store,1,79.0
6569,2025-03-08,1646,12,14,Store,2,599.0
6570,2025-09-24,1347,15,7,Online,2,3689.1
6571,2026-04-18,1282,8,6,Online,2,1349.1
6572,2025-03-04,1557,9,1,Online,1,989.1
6573,2025-11-15,1312,9,5,Store,1,1099.0
6574,2025-06-25,1880,7,4,Online,1,233.1
6575,2024-09-08,1293,15,10,Store,2,4099.0
6576,2026-02-18,1463,5,2,Online,1,3150.0
6577,2025-06-12,1391,23,6,Online,2,359.1
6578,2024-06-06,1884,6,3,Store,2,2499.0
6579,2024-10-16,1220,21,1,Online,1,44.1
6580,2026-04-01,1219,15,1,Store,1,4099.0
6581,2024-09-17,1423,21,2,Online,2,44.1
6582,2026-03-19,1085,16,10,Online,2,3239.1
6583,2026-04-06,1143,1,9,Store,1,3999.0
6584,2026-02-07,1925,11,5,Online,2,1079.1
6585,2025-03-26,1736,21,8,Online,2,44.1
6586,2026-05-10,1933,11,5,Online,2,1079.1
6587,2025-06-13,1091,13,11,Online,2,5129.1
6588,2024-10-11,1217,8,9,Store,1,1499.0
6589,2025-01-25,1005,19,7,Store,2,99.0
6590,2024-11-22,1580,4,13,Store,1,299.0
6591,2024-07-31,1958,20,10,Store,2,79.0
6592,2025-04-19,1675,1,6,Store,1,3999.0
6593,2024-10-17,1556,16,4,Store,1,3599.0
6594,2026-01-15,1390,14,5,Online,1,4499.1
6595,2026-05-15,1033,18,8,Online,1,359.1
6596,2025-02-14,1872,5,3,Online,1,3150.0
6597,2025-01-17,1520,12,7,Store,2,599.0
6598,2026-05-06,1544,14,13,Store,2,4999.0
6599,2024-06-16,1804,24,4,Online,2,539.1
6600,2026-02-05,1878,15,6,Online,2,3689.1
6601,2024-12-05,1592,4,7,Store,2,299.0
6602,2025-03-24,1242,11,10,Online,2,1079.1
6603,2025-11-01,1676,17,7,Online,1,2339.1
6604,2026-01-12,1479,24,14,Store,2,599.0
6605,2026-05-22,1911,17,4,Store,2,2599.0
6606,2026-03-04,1427,5,12,Online,2,3150.0
6607,2025-04-07,1069,4,2,Store,2,299.0
6608,2026-02-23,1787,16,5,Store,2,3599.0
6609,2026-04-21,1209,14,10,Online,2,4499.1
6610,2024-12-25,1036,21,14,Online,1,44.1
6611,2025-10-04,1298,13,1,Store,2,5699.0
6612,2026-03-03,1064,22,2,Store,1,299.0
6613,2024-10-12,1119,16,14,Online,1,3239.1
6614,2025-06-15,1027,4,3,Store,2,299.0
6615,2025-11-02,1306,1,11,Online,1,3599.1
6616,2024-08-19,1762,16,12,Store,1,3599.0
6617,2025-09-15,1482,15,7,Store,1,4099.0
6618,2026-02-21,1378,18,12,Online,1,359.1
6619,2024-08-01,1822,17,2,Store,2,2599.0
6620,2025-10-14,1919,2,12,Online,1,2699.1
6621,2025-09-09,1172,14,2,Store,1,4999.0
6622,2025-05-13,1068,17,10,Store,2,2599.0
6623,2026-01-14,1331,14,11,Online,1,4499.1
6624,2024-11-24,1388,20,14,Store,1,79.0
6625,2026-01-09,1777,14,7,Online,1,4499.1
6626,2026-02-12,1786,25,2,Store,1,399.0
6627,2025-06-11,1048,2,7,Online,1,2699.1
6628,2026-05-22,1285,9,14,Online,2,989.1
6629,2024-07-24,1727,5,7,Store,1,3500.0
6630,2025-04-13,1791,15,9,Store,1,4099.0
6631,2024-12-12,1677,15,3,Store,2,4099.0
6632,2026-03-23,1129,9,6,Online,1,989.1
6633,2025-01-30,1052,17,11,Online,1,2339.1
6634,2025-05-01,1231,24,8,Online,2,539.1
6635,2025-07-17,1782,25,10,Store,2,399.0
6636,2025-06-14,1099,4,12,Online,1,269.1
6637,2024-11-12,1227,13,11,Online,2,5129.1
6638,2026-03-03,1785,15,10,Online,1,3689.1
6639,2025-09-12,1099,8,2,Online,1,1349.1
6640,2024-06-22,1260,10,7,Store,2,699.0
6641,2024-11-11,1696,6,13,Online,2,2249.1
6642,2024-06-29,1830,17,3,Store,2,2599.0
6643,2024-10-24,1664,25,1,Store,1,399.0
6644,2024-06-18,1801,4,2,Online,2,269.1
6645,2024-08-11,1573,24,11,Store,2,599.0
6646,2025-08-05,1696,8,6,Online,1,1349.1
6647,2025-04-11,1847,5,10,Online,2,3150.0
6648,2025-06-12,1223,23,4,Store,2,399.0
6649,2025-04-14,1439,9,1,Online,2,989.1
6650,2025-07-10,1152,5,11,Online,2,3150.0
6651,2025-04-12,1205,4,12,Store,1,299.0
6652,2024-11-23,1375,6,14,Store,2,2499.0
6653,2025-05-21,1955,15,14,Store,2,4099.0
6654,2025-08-06,1792,25,4,Online,2,359.1
6655,2025-01-18,1459,20,4,Store,2,79.0
6656,2026-05-13,1018,22,9,Store,1,299.0
6657,2025-11-20,1591,13,6,Store,1,5699.0
6658,2025-05-27,1418,2,5,Store,2,2999.0
6659,2024-11-26,1101,21,8,Online,1,44.1
6660,2025-02-25,1193,16,11,Store,1,3599.0
6661,2024-07-16,1555,22,12,Online,1,269.1
6662,2024-08-20,1542,11,12,Store,1,1199.0
6663,2024-09-30,1366,20,2,Store,2,79.0
6664,2025-09-21,1701,4,3,Store,1,299.0
6665,2024-08-14,1839,16,4,Online,1,3239.1
6666,2025-06-16,1046,7,14,Online,1,233.1
6667,2024-08-06,1853,16,13,Online,2,3239.1
6668,2025-11-03,1418,2,9,Store,1,2999.0
6669,2025-11-25,1344,2,12,Online,2,2699.1
6670,2026-01-28,1295,7,8,Online,2,233.1
6671,2025-03-12,1564,8,8,Store,1,1499.0
6672,2025-11-14,1645,23,5,Store,1,399.0
6673,2025-02-15,1809,4,2,Online,2,269.1
6674,2025-09-04,1072,23,14,Store,2,399.0
6675,2025-02-25,1053,7,5,Online,1,233.1
6676,2024-09-01,1423,16,4,Online,1,3239.1
6677,2025-11-09,1602,24,12,Online,2,539.1
6678,2024-10-21,1460,9,11,Store,1,1099.0
6679,2024-08-11,1474,16,5,Online,2,3239.1
6680,2024-06-03,1135,9,12,Store,2,1099.0
6681,2024-07-02,1949,2,3,Store,2,2999.0
6682,2024-12-16,1695,7,9,Store,1,259.0
6683,2025-12-11,1173,19,1,Store,2,99.0
6684,2025-08-30,1657,23,2,Online,2,359.1
6685,2025-02-24,1400,24,4,Store,1,599.0
6686,2025-04-19,1307,1,13,Store,2,3999.0
6687,2026-01-23,1702,8,10,Online,1,1349.1
6688,2026-05-02,1647,23,4,Store,2,399.0
6689,2024-08-11,1045,23,2,Store,2,399.0
6690,2025-05-18,1902,1,13,Online,2,3599.1
6691,2025-10-13,1274,15,14,Online,1,3689.1
6692,2024-06-27,1493,15,6,Store,1,4099.0
6693,2025-05-03,1675,13,4,Online,2,5129.1
6694,2025-09-04,1646,2,1,Online,1,2699.1
6695,2024-12-15,1368,22,5,Store,1,299.0
6696,2025-04-29,1486,23,1,Store,1,399.0
6697,2024-07-25,1271,22,14,Store,2,299.0
6698,2025-09-09,1578,24,12,Online,1,539.1
6699,2026-03-09,1345,18,11,Online,1,359.1
6700,2025-03-02,1059,17,8,Store,1,2599.0
6701,2026-05-11,1445,10,5,Store,2,699.0
6702,2025-04-04,1583,12,9,Online,1,539.1
6703,2024-08-01,1839,20,1,Store,1,79.0
6704,2024-06-03,1375,16,10,Online,1,3239.1
6705,2025-07-22,1494,20,5,Online,1,71.1
6706,2025-01-31,1480,17,14,Online,2,2339.1
6707,2024-08-25,1679,8,13,Store,1,1499.0
6708,2026-03-21,1197,19,5,Online,1,89.1
6709,2025-02-11,1471,9,12,Store,1,1099.0
6710,2025-03-10,1287,25,4,Online,1,359.1
6711,2025-09-25,1957,13,1,Online,2,5129.1
6712,2025-02-09,1400,15,10,Online,1,3689.1
6713,2026-05-10,1914,10,9,Store,1,699.0
6714,2024-10-15,1067,19,2,Online,1,89.1
6715,2024-06-25,1405,15,9,Store,1,4099.0
6716,2025-09-15,1995,5,9,Online,1,3150.0
6717,2026-03-06,1510,6,4,Store,2,2499.0
6718,2025-11-15,1466,6,9,Store,1,2499.0
6719,2024-05-26,1507,18,2,Store,1,399.0
6720,2024-11-22,1628,7,8,Online,2,233.1
6721,2026-03-14,1831,11,13,Online,1,1079.1
6722,2024-06-11,1954,20,13,Store,2,79.0
6723,2025-10-17,1377,8,12,Store,2,1499.0
6724,2026-05-17,1819,5,1,Store,1,3500.0
6725,2025-09-08,1096,21,14,Store,1,49.0
6726,2026-01-05,1900,8,9,Store,2,1499.0
6727,2026-04-16,1682,5,14,Online,1,3150.0
6728,2025-12-08,1860,6,14,Store,1,2499.0
6729,2026-01-10,1310,12,10,Store,2,599.0
6730,2025-01-25,1645,24,5,Online,1,539.1
6731,2025-01-01,1574,4,14,Store,2,299.0
6732,2025-01-26,1470,20,11,Online,1,71.1
6733,2024-07-05,1492,23,12,Store,1,399.0
6734,2026-02-27,1057,5,13,Store,1,3500.0
6735,2026-01-21,1649,21,6,Online,1,44.1
6736,2024-11-08,1823,13,4,Store,1,5699.0
6737,2024-09-24,1931,19,5,Store,2,99.0
6738,2025-09-24,1255,6,9,Online,1,2249.1
6739,2025-07-19,1338,9,7,Store,1,1099.0
6740,2025-05-18,1877,23,3,Online,2,359.1
6741,2025-10-20,1311,23,8,Store,2,399.0
6742,2025-03-28,1203,13,6,Store,1,5699.0
6743,2024-10-11,1800,18,7,Store,1,399.0
6744,2024-06-06,1887,15,1,Store,2,4099.0
6745,2025-04-13,1873,17,10,Store,2,2599.0
6746,2025-07-11,1147,21,12,Store,2,49.0
6747,2024-12-14,1817,19,7,Online,2,89.1
6748,2024-12-11,1757,25,13,Online,2,359.1
6749,2026-05-23,1427,11,8,Store,2,1199.0
6750,2025-12-27,1795,4,2,Online,2,269.1
6751,2025-09-05,1136,2,8,Store,1,2999.0
6752,2025-02-01,1352,24,13,Store,2,599.0
6753,2025-02-20,1318,19,8,Online,2,89.1
6754,2025-02-11,1489,18,5,Online,2,359.1
6755,2026-04-21,1746,3,3,Online,1,1799.1
6756,2025-03-10,1488,20,4,Online,1,71.1
6757,2025-02-02,1338,24,13,Store,1,599.0
6758,2025-06-25,1525,21,6,Online,1,44.1
6759,2024-08-07,1521,5,11,Online,2,3150.0
6760,2025-02-07,1352,3,7,Online,1,1799.1
6761,2026-03-07,1077,16,1,Store,2,3599.0
6762,2026-04-07,1088,7,6,Online,1,233.1
6763,2025-07-23,1074,25,2,Store,1,399.0
6764,2025-12-14,1752,1,13,Online,1,3599.1
6765,2025-09-17,1632,8,8,Store,1,1499.0
6766,2024-08-28,1722,1,12,Online,1,3599.1
6767,2025-12-31,1389,24,7,Online,1,539.1
6768,2025-04-18,1396,19,5,Store,2,99.0
6769,2025-11-12,1768,6,11,Store,1,2499.0
6770,2025-10-15,1837,23,2,Online,1,359.1
6771,2024-11-15,1134,14,1,Store,1,4999.0
6772,2025-07-20,1491,7,12,Online,1,233.1
6773,2025-04-14,1137,12,8,Store,2,599.0
6774,2025-10-11,1357,11,8,Online,1,1079.1
6775,2025-07-04,1480,15,11,Online,2,3689.1
6776,2025-05-17,1849,23,2,Online,2,359.1
6777,2024-11-19,1803,25,14,Online,2,359.1
6778,2024-06-13,1018,13,5,Online,1,5129.1
6779,2026-01-28,1525,25,4,Store,2,399.0
6780,2025-02-23,1869,13,12,Online,1,5129.1
6781,2026-04-21,1670,25,2,Online,2,359.1
6782,2024-12-23,1965,21,6,Store,2,49.0
6783,2026-02-03,1264,13,6,Online,1,5129.1
6784,2024-12-08,1798,20,3,Store,2,79.0
6785,2026-03-13,1472,18,13,Online,2,359.1
6786,2025-07-01,1839,13,8,Online,1,5129.1
6787,2025-06-21,1192,14,10,Store,1,4999.0
6788,2025-05-17,1997,15,13,Store,1,4099.0
6789,2026-01-29,1615,14,7,Store,1,4999.0
6790,2026-02-01,1293,2,9,Online,1,2699.1
6791,2026-02-01,1655,7,5,Store,1,259.0
6792,2026-02-03,1558,7,12,Online,2,233.1
6793,2024-07-20,1197,14,14,Online,1,4499.1
6794,2025-11-19,1191,20,1,Store,1,79.0
6795,2026-05-02,1183,7,12,Store,1,259.0
6796,2026-01-01,1753,4,10,Store,2,299.0
6797,2026-02-10,1256,8,11,Store,1,1499.0
6798,2025-04-03,1001,13,14,Store,1,5699.0
6799,2025-05-13,1255,4,11,Online,2,269.1
6800,2025-09-30,1586,14,9,Store,2,4999.0
6801,2025-04-06,1890,5,4,Store,1,3500.0
6802,2024-06-19,1710,17,5,Store,1,2599.0
6803,2025-04-06,1228,20,13,Online,1,71.1
6804,2025-03-13,1865,19,10,Online,1,89.1
6805,2025-05-17,1223,17,6,Online,1,2339.1
6806,2024-12-02,1822,12,10,Store,1,599.0
6807,2024-06-19,1173,4,3,Store,1,299.0
6808,2024-11-19,1754,10,2,Online,1,629.1
6809,2024-09-04,1386,20,1,Online,1,71.1
6810,2026-05-23,1391,17,10,Online,2,2339.1
6811,2024-10-16,1930,5,10,Online,2,3150.0
6812,2025-09-18,1245,9,9,Online,2,989.1
6813,2024-11-21,1147,20,11,Store,2,79.0
6814,2026-03-25,1109,5,7,Online,2,3150.0
6815,2024-10-11,1404,24,9,Online,1,539.1
6816,2025-12-28,1441,11,5,Store,1,1199.0
6817,2025-07-08,1043,19,6,Store,1,99.0
6818,2025-08-03,1829,25,4,Online,2,359.1
6819,2025-11-11,1788,12,4,Online,1,539.1
6820,2025-06-16,1015,21,1,Store,1,49.0
6821,2025-10-05,1672,17,9,Online,1,2339.1
6822,2025-02-02,1206,13,4,Store,2,5699.0
6823,2025-10-29,1165,4,13,Online,1,269.1
6824,2025-05-15,1604,23,12,Store,2,399.0
6825,2024-10-30,1053,7,4,Store,1,259.0
6826,2025-09-24,1690,8,8,Online,1,1349.1
6827,2026-04-05,1238,5,10,Store,1,3500.0
6828,2025-05-05,1792,17,12,Online,1,2339.1
6829,2025-07-06,1368,11,14,Store,2,1199.0
6830,2024-07-15,1592,6,7,Online,2,2249.1
6831,2025-01-16,1822,8,13,Store,2,1499.0
6832,2025-05-15,1004,16,5,Online,2,3239.1
6833,2025-12-15,1387,21,7,Online,2,44.1
6834,2025-07-04,1743,14,6,Online,1,4499.1
6835,2025-12-01,1401,10,13,Online,1,629.1
6836,2024-07-27,1883,12,6,Online,2,539.1
6837,2025-09-28,1426,5,6,Online,1,3150.0
6838,2024-10-09,1856,18,3,Store,2,399.0
6839,2024-07-14,1003,5,8,Online,2,3150.0
6840,2025-02-24,1586,22,8,Store,2,299.0
6841,2024-12-12,1846,9,13,Store,1,1099.0
6842,2025-08-08,1522,3,1,Online,2,1799.1
6843,2025-09-27,1792,16,9,Online,2,3239.1
6844,2025-09-15,1667,6,10,Online,2,2249.1
6845,2025-02-25,1754,7,7,Online,2,233.1
6846,2024-10-02,1592,25,4,Store,1,399.0
6847,2025-10-27,1437,22,13,Store,1,299.0
6848,2024-09-11,1129,2,5,Online,1,2699.1
6849,2025-10-19,1410,9,11,Online,1,989.1
6850,2025-04-15,1028,24,14,Online,2,539.1
6851,2026-02-26,1339,10,8,Online,2,629.1
6852,2026-05-25,1625,24,12,Store,2,599.0
6853,2025-06-12,1449,22,11,Store,1,299.0
6854,2025-01-15,1114,17,11,Store,1,2599.0
6855,2025-10-22,1787,4,3,Online,2,269.1
6856,2025-10-28,1919,15,13,Store,1,4099.0
6857,2026-03-08,1076,19,13,Online,2,89.1
6858,2025-07-09,1997,10,14,Store,1,699.0
6859,2024-10-10,1942,2,8,Online,2,2699.1
6860,2025-01-10,1492,9,10,Store,1,1099.0
6861,2025-09-27,1491,25,3,Online,1,359.1
6862,2025-05-31,1983,7,2,Store,1,259.0
6863,2024-07-30,1710,16,4,Online,2,3239.1
6864,2026-04-24,1721,15,14,Online,2,3689.1
6865,2026-03-16,1256,14,11,Online,2,4499.1
6866,2026-02-05,1973,7,5,Online,1,233.1
6867,2024-05-26,1444,10,2,Online,1,629.1
6868,2026-02-23,1480,22,1,Online,2,269.1
6869,2026-03-28,1631,24,14,Online,1,539.1
6870,2026-02-09,1573,21,5,Online,1,44.1
6871,2025-12-29,1970,23,1,Store,2,399.0
6872,2026-05-23,1331,6,5,Online,2,2249.1
6873,2025-06-02,1015,11,3,Online,2,1079.1
6874,2024-10-10,1634,3,2,Store,1,1999.0
6875,2024-10-16,1747,20,12,Online,1,71.1
6876,2025-04-01,1139,8,14,Store,1,1499.0
6877,2025-10-15,1711,16,7,Online,2,3239.1
6878,2025-08-05,1337,24,1,Store,1,599.0
6879,2025-11-13,1166,10,10,Online,2,629.1
6880,2025-01-18,1251,25,6,Store,1,399.0
6881,2024-09-14,1104,6,14,Online,2,2249.1
6882,2026-01-29,1055,25,14,Online,1,359.1
6883,2025-07-12,1453,5,4,Online,2,3150.0
6884,2024-09-13,1343,2,12,Store,2,2999.0
6885,2024-06-05,1721,2,5,Store,2,2999.0
6886,2025-06-20,1100,24,6,Online,2,539.1
6887,2025-03-27,1883,22,1,Online,1,269.1
6888,2025-07-13,1612,11,3,Store,1,1199.0
6889,2024-11-12,1217,4,13,Store,2,299.0
6890,2025-06-08,1997,20,1,Online,1,71.1
6891,2024-12-30,1156,7,4,Store,1,259.0
6892,2026-05-04,1129,20,3,Store,1,79.0
6893,2026-01-02,1732,2,2,Store,2,2999.0
6894,2024-06-04,1695,1,8,Online,1,3599.1
6895,2025-06-20,1271,22,6,Online,1,269.1
6896,2024-08-06,1304,5,14,Online,1,3150.0
6897,2025-07-31,1545,11,7,Store,1,1199.0
6898,2025-10-05,1592,17,1,Online,1,2339.1
6899,2025-09-04,1815,8,8,Store,1,1499.0
6900,2025-04-26,1142,1,3,Online,2,3599.1
6901,2025-04-07,1962,12,12,Online,2,539.1
6902,2024-12-13,1522,5,2,Online,1,3150.0
6903,2025-10-30,1808,12,9,Online,2,539.1
6904,2026-01-10,1909,3,10,Online,1,1799.1
6905,2024-06-28,1228,15,3,Store,2,4099.0
6906,2025-06-23,1347,1,2,Store,2,3999.0
6907,2026-04-08,1775,18,11,Online,2,359.1
6908,2026-04-26,1353,12,4,Store,2,599.0
6909,2024-08-15,1717,19,12,Online,2,89.1
6910,2025-10-16,1466,7,8,Store,1,259.0
6911,2025-01-10,1335,21,1,Store,1,49.0
6912,2025-04-03,1241,18,9,Store,1,399.0
6913,2026-05-16,1226,9,7,Store,1,1099.0
6914,2025-04-27,1528,12,8,Online,2,539.1
6915,2024-09-05,1013,25,13,Store,2,399.0
6916,2024-11-20,1535,22,1,Store,1,299.0
6917,2024-10-27,1150,9,12,Online,2,989.1
6918,2024-10-06,1776,18,10,Online,1,359.1
6919,2026-05-19,1369,1,13,Online,2,3599.1
6920,2024-07-18,1513,14,14,Store,1,4999.0
6921,2024-07-09,1191,24,14,Online,2,539.1
6922,2024-06-16,1844,2,8,Online,2,2699.1
6923,2025-11-27,1608,3,9,Store,1,1999.0
6924,2025-08-25,1132,16,4,Online,2,3239.1
6925,2026-04-04,1866,19,8,Online,2,89.1
6926,2026-04-15,1685,15,11,Store,2,4099.0
6927,2024-10-15,1749,24,5,Online,1,539.1
6928,2026-02-19,1437,10,8,Online,1,629.1
6929,2026-01-31,1027,21,6,Online,1,44.1
6930,2025-03-02,1130,11,13,Online,2,1079.1
6931,2026-02-04,1723,11,7,Store,1,1199.0
6932,2025-10-23,1933,23,6,Online,2,359.1
6933,2025-05-10,1033,15,7,Store,1,4099.0
6934,2025-09-06,1214,5,5,Store,1,3500.0
6935,2025-06-24,1565,15,4,Store,1,4099.0
6936,2025-06-20,1036,6,14,Store,2,2499.0
6937,2024-12-14,1521,21,2,Store,1,49.0
6938,2025-06-27,1289,17,8,Store,2,2599.0
6939,2025-04-22,1753,3,2,Store,1,1999.0
6940,2025-10-08,1638,7,12,Store,1,259.0
6941,2024-12-31,1166,6,6,Store,1,2499.0
6942,2025-11-15,1952,21,1,Store,1,49.0
6943,2024-08-25,1563,7,7,Store,1,259.0
6944,2025-02-03,1184,13,9,Store,2,5699.0
6945,2026-01-03,1774,14,13,Store,2,4999.0
6946,2025-01-17,1608,23,8,Online,2,359.1
6947,2025-01-19,1947,14,10,Store,1,4999.0
6948,2024-12-30,1299,4,8,Online,1,269.1
6949,2025-07-10,1843,2,4,Online,2,2699.1
6950,2024-10-15,1626,17,12,Store,1,2599.0
6951,2025-08-01,1433,21,4,Online,1,44.1
6952,2026-04-22,1436,17,7,Online,1,2339.1
6953,2024-10-27,1755,17,9,Store,1,2599.0
6954,2026-05-25,1613,13,4,Store,1,5699.0
6955,2025-01-03,1362,7,5,Store,1,259.0
6956,2025-06-01,1177,23,8,Online,1,359.1
6957,2024-09-20,1747,9,13,Store,2,1099.0
6958,2025-02-19,1918,1,8,Online,1,3599.1
6959,2024-12-23,1619,4,1,Store,2,299.0
6960,2024-12-13,1666,11,10,Store,1,1199.0
6961,2025-06-17,1407,25,2,Store,2,399.0
6962,2025-01-03,1590,19,2,Store,1,99.0
6963,2024-08-23,1811,2,8,Store,1,2999.0
6964,2025-11-29,1288,24,4,Store,1,599.0
6965,2026-05-23,1020,19,9,Online,1,89.1
6966,2024-06-02,1787,12,1,Online,2,539.1
6967,2025-03-07,1673,16,9,Store,2,3599.0
6968,2024-11-13,1762,10,1,Online,2,629.1
6969,2024-09-14,1093,4,6,Store,1,299.0
6970,2024-06-11,1995,12,11,Store,2,599.0
6971,2026-03-19,1955,22,7,Store,1,299.0
6972,2024-08-06,1882,25,6,Online,1,359.1
6973,2024-07-23,1230,10,1,Store,1,699.0
6974,2026-04-13,1924,7,3,Online,1,233.1
6975,2026-03-10,1550,10,8,Online,1,629.1
6976,2025-07-14,1997,25,9,Store,1,399.0
6977,2026-01-22,1114,24,3,Store,1,599.0
6978,2025-03-21,1749,12,9,Online,1,539.1
6979,2025-03-21,1564,19,3,Online,1,89.1
6980,2025-07-09,1716,5,14,Online,1,3150.0
6981,2024-11-24,1436,8,9,Store,2,1499.0
6982,2024-09-24,1779,14,9,Online,1,4499.1
6983,2024-11-25,1930,19,11,Online,1,89.1
6984,2025-02-27,1443,5,7,Store,2,3500.0
6985,2024-09-17,1588,8,10,Online,2,1349.1
6986,2024-08-16,1545,8,6,Store,1,1499.0
6987,2025-05-20,1712,21,12,Online,2,44.1
6988,2024-10-26,1643,23,14,Store,1,399.0
6989,2025-05-22,1305,24,9,Store,1,599.0
6990,2026-02-17,1343,11,14,Online,2,1079.1
6991,2025-03-31,1118,15,3,Store,1,4099.0
6992,2025-09-10,1061,9,12,Online,2,989.1
6993,2024-12-30,1653,23,1,Online,1,359.1
6994,2024-08-09,1971,2,1,Store,2,2999.0
6995,2025-09-22,1520,2,3,Online,1,2699.1
6996,2025-01-25,1870,7,1,Store,2,259.0
6997,2026-05-24,1021,24,8,Online,1,539.1
6998,2024-12-14,1324,23,10,Online,1,359.1
6999,2025-01-19,1316,10,12,Online,1,629.1
